,file_,defect_status
0,puppet-cinder/manifests/keystone/authtoken.pp,1
1,puppet-heat/manifests/keystone/authtoken.pp,1
2,puppet-vitrage/manifests/keystone/authtoken.pp,1
3,puppet-octavia/manifests/keystone/authtoken.pp,1
4,puppet-openstack-cookiecutter/puppet-{{cookiecutter.project_name}}/manifests/keystone/authtoken.pp,1
5,puppet-congress/manifests/keystone/authtoken.pp,1
6,puppet-cinder/manifests/keystone/auth.pp,1
7,puppet-ec2api/manifests/keystone/authtoken.pp,1
8,puppet-cinder/manifests/volume/netapp.pp,1
9,puppet-oslo/manifests/messaging/rabbit.pp,1
10,fuel-library/deployment/puppet/cluster/manifests/rabbitmq_ocf.pp,1
11,puppet-ceph/manifests/profile/params.pp,1
12,fuel-plugin-contrail/deployment_scripts/puppet/modules/contrail/manifests/init.pp,1
13,fuel-library/deployment/puppet/openstack/manifests/network/neutron_agents.pp,1
14,puppet-qdr/manifests/init.pp,1
15,fuel-plugin-lma-collector/deployment_scripts/puppet/modules/lma_collector/manifests/params.pp,1
16,puppet-oslo/manifests/log.pp,1
17,puppet-tripleo/manifests/keepalived.pp,1
18,puppet-manila/manifests/keystone/auth.pp,1
19,puppet-gnocchi/manifests/logging.pp,1
20,puppet-mistral/manifests/logging.pp,0
21,puppet-ceilometer/manifests/logging.pp,1
22,puppet-cinder/manifests/logging.pp,1
23,fuel-plugin-contrail/deployment_scripts/puppet/modules/contrail/manifests/vip.pp,1
24,fuel-library/deployment/puppet/haproxy/manifests/init.pp,1
25,fuel-library/deployment/puppet/haproxy/manifests/listen.pp,1
26,puppet-openstack-cookiecutter/puppet-{{cookiecutter.project_name}}/manifests/logging.pp,1
27,puppet-magnum/manifests/logging.pp,1
28,fuel-library/deployment/puppet/fuel/manifests/params.pp,1
29,puppet-vitrage/manifests/logging.pp,1
30,fuel-library/deployment/puppet/openstack_tasks/manifests/openstack_network/common_config.pp,1
31,puppet-ironic/manifests/keystone/auth.pp,1
32,fuel-plugin-elasticsearch-kibana/deployment_scripts/puppet/manifests/haproxy.pp,1
33,fuel-library/deployment/puppet/haproxy/manifests/balancermember.pp,1
34,fuel-library/deployment/puppet/openstack/manifests/ha/keystone.pp,1
35,puppet-manila/manifests/backend/generic.pp,1
36,fuel-library/deployment/puppet/openstack/manifests/ha/murano.pp,1
37,puppet-cinder/manifests/backup/swift.pp,1
38,fuel-library/deployment/puppet/openstack_tasks/manifests/ceilometer/compute.pp,1
39,fuel-library/deployment/puppet/openstack_tasks/manifests/ironic/ironic.pp,1
40,fuel-library/deployment/puppet/openstack/manifests/ha/glance.pp,1
41,fuel-library/deployment/puppet/openstack/manifests/ha/nova.pp,1
42,puppet-designate/manifests/keystone/auth.pp,1
43,fuel-library/deployment/puppet/openstack/manifests/ha/horizon.pp,1
44,puppet-sahara/manifests/keystone/auth.pp,1
45,fuel-plugin-elasticsearch-kibana/deployment_scripts/puppet/manifests/firewall.pp,1
46,puppet-cinder/manifests/backup/nfs.pp,1
47,puppet-cinder/manifests/volume/rbd.pp,1
48,fuel-library/deployment/puppet/osnailyfacter/manifests/wait_for_nova_backends.pp,1
49,puppet-murano/manifests/keystone/auth.pp,1
50,fuel-plugin-ironic/deployment_scripts/puppet/manifests/haproxy.pp,1
51,puppet-magnum/manifests/keystone/auth.pp,1
52,fuel-plugin-midonet/deployment_scripts/puppet/manifests/midonet-install-api.pp,1
53,fuel-library/deployment/puppet/openstack/manifests/ha/heat.pp,1
54,fuel-library/deployment/puppet/l23network/manifests/params.pp,1
55,puppet-cinder/manifests/volume/solidfire.pp,1
56,puppet-cinder/manifests/volume/hp3par_iscsi.pp,1
57,fuel-plugin-influxdb-grafana/deployment_scripts/puppet/manifests/haproxy.pp,1
58,puppet-cinder/manifests/backup/ceph.pp,1
59,puppet-designate/manifests/central.pp,1
60,fuel-library/deployment/puppet/openstack/manifests/galera/client.pp,1
61,puppet-ceph/manifests/rgw/apache.pp,1
62,fuel-library/deployment/puppet/fuel/examples/cobbler.pp,1
63,packstack/packstack/puppet/modules/packstack/manifests/nagios_config_wrapper.pp,1
64,fuel-library/deployment/puppet/cobbler/manifests/iptables.pp,1
65,puppet-cinder/manifests/db.pp,1
66,puppet-mistral/manifests/db/mysql.pp,1
67,puppet-ceph/manifests/params.pp,1
68,fuel-library/deployment/puppet/openstack/manifests/ha/sahara.pp,1
69,fuel-library/deployment/puppet/openstack/manifests/ha/ceilometer.pp,1
70,fuel-plugin-manila/deployment_scripts/puppet/manifests/site.pp,1
71,packstack/packstack/puppet/modules/packstack/manifests/cinder.pp,1
72,puppet-keystone/examples/ldap_full.pp,1
73,fuel-library/deployment/puppet/fuel/examples/nailgun.pp,1
74,fuel-plugin-influxdb-grafana/deployment_scripts/puppet/manifests/firewall.pp,1
75,fuel-library/deployment/puppet/openstack/manifests/ha/radosgw.pp,1
76,puppet-gnocchi/manifests/db/mysql.pp,1
77,puppet-barbican/manifests/db/mysql.pp,1
78,puppet-openstack-cookiecutter/puppet-{{cookiecutter.project_name}}/manifests/db/mysql.pp,1
79,puppet-zaqar/manifests/db/mysql.pp,1
80,fuel-library/deployment/puppet/openstack_tasks/manifests/openstack_controller/keystone.pp,1
81,puppet-vitrage/manifests/db/mysql.pp,1
82,puppet-cinder/manifests/volume/glusterfs.pp,1
83,fuel-library/deployment/puppet/osnailyfacter/manifests/openstack_haproxy/openstack_haproxy_swift.pp,1
84,fuel-library/deployment/puppet/osnailyfacter/manifests/mysql_grant.pp,1
85,puppet-neutron/examples/neutron.pp,1
86,puppet-magnum/manifests/db/mysql.pp,1
87,fuel-library/deployment/puppet/openstack/manifests/ha/mysqld.pp,1
88,puppet-tripleo/manifests/fencing.pp,1
89,fuel-library/deployment/puppet/osnailyfacter/manifests/fuel_pkgs/setup_repositories.pp,1
90,puppet-openstack-cookiecutter/puppet-{{cookiecutter.project_name}}/manifests/db.pp,1
91,puppet-ceilometer/manifests/db/mysql.pp,1
92,packstack/packstack/puppet/modules/packstack/manifests/nova/network.pp,1
93,puppet-neutron/manifests/plugins/ovn.pp,1
94,puppet-designate/manifests/db/mysql.pp,1
95,puppet-barbican/manifests/db/postgresql.pp,1
96,puppet-cinder/manifests/db/mysql.pp,1
97,puppet-glance/tests/site.pp,1
98,fuel-plugin-purestorage-cinder/deployment_scripts/puppet/manifests/controller.pp,1
99,puppet-cinder/manifests/rabbitmq.pp,1
100,fuel-library/deployment/puppet/osnailyfacter/manifests/vmware/compute_vmware.pp,1
101,packstack/packstack/puppet/modules/packstack/manifests/firewall.pp,1
102,fuel-plugin-external-zabbix/deployment_scripts/puppet/modules/plugin_zabbix/manifests/params/openstack.pp,1
103,fuel-plugin-lma-infrastructure-alerting/deployment_scripts/puppet/manifests/configure_default_route.pp,1
104,fuel-plugin-bigswitch/deployment_scripts/puppet/modules/bcf/manifests/params/openstack.pp,1
105,fuel-plugin-cisco-aci/deployment_scripts/puppet/modules/neutron/manifests/config_apic.pp,1
106,fuel-library/deployment/puppet/osnailyfacter/manifests/apache_api_proxy.pp,1
107,puppet-pacemaker/manifests/stonith.pp,1
108,puppet-ceilometer/manifests/alarm/evaluator.pp,1
109,puppet-midonet/manifests/params.pp,1
110,fuel-plugin-contrail/deployment_scripts/puppet/modules/contrail/manifests/provision/db.pp,1
111,fuel-library/deployment/puppet/cluster/manifests/neutron/dhcp.pp,1
112,puppet-oslo/manifests/policy.pp,1
113,puppet-designate/manifests/config.pp,1
114,puppet-nova/manifests/policy.pp,1
115,fuel-library/deployment/puppet/openstack/manifests/puppetlabs_repos.pp,1
116,fuel-library/deployment/puppet/cluster/manifests/neutron/l3.pp,1
117,puppet-cinder/manifests/config.pp,1
118,puppet-vitrage/manifests/policy.pp,1
119,puppet-cinder/examples/cinder_volume_with_pacemaker.pp,1
120,fuel-plugin-ceilometer-redis/deployment_scripts/puppet/manifests/controller.pp,1
121,puppet-trove/examples/site.pp,1
122,fuel-plugin-contrail/deployment_scripts/puppet/modules/contrail/manifests/contrail_webui.pp,1
123,fuel-library/deployment/puppet/osnailyfacter/manifests/database/database_backend_wait.pp,1
124,fuel-library/deployment/puppet/osnailyfacter/manifests/cluster_haproxy/cluster_haproxy.pp,1
125,fuel-plugin-mellanox/deployment_scripts/puppet/manifests/controller.pp,1
126,puppet-cinder/manifests/policy.pp,1
127,fuel-library/deployment/puppet/cobbler/manifests/selinux.pp,1
128,fuel-plugin-datera-cinder/deployment_scripts/puppet/modules/cinder_datera_driver/manifests/cinder.pp,1
129,puppet-magnum/manifests/params.pp,1
130,puppet-magnum/manifests/db/sync.pp,1
131,puppet-ceilometer/manifests/policy.pp,1
132,fuel-plugin-mellanox/deployment_scripts/puppet/modules/mellanox_openstack/manifests/configure_iser_child.pp,1
133,puppet-heat/examples/site.pp,1
134,puppet-oslo/manifests/concurrency.pp,1
135,fuel-plugin-lma-collector/deployment_scripts/puppet/modules/lma_collector/manifests/collectd/influxdb.pp,1
136,puppet-gnocchi/manifests/db/sync.pp,1
137,fuel-plugin-mellanox/deployment_scripts/puppet/modules/mellanox_openstack/manifests/params.pp,1
138,fuel-library/deployment/puppet/openstack/manifests/keepalive.pp,1
139,fuel-library/deployment/puppet/openstack/manifests/ha/stats.pp,1
140,puppet-qdr/manifests/params.pp,1
141,fuel-plugin-manila/deployment_scripts/puppet/manifests/populate_hiera.pp,1
142,fuel-plugin-elasticsearch-kibana/deployment_scripts/puppet/modules/lma_logging_analytics/manifests/params.pp,1
143,fuel-library/deployment/puppet/cluster/manifests/neutron/metadata.pp,1
144,puppet-barbican/manifests/db/sync.pp,1
145,fuel-library/deployment/puppet/openstack_tasks/manifests/swift/rebalance_cronjob.pp,1
146,fuel-library/deployment/puppet/osnailyfacter/manifests/virtual_ips/conntrackd.pp,1
147,puppet-openstack-cookiecutter/puppet-{{cookiecutter.project_name}}/manifests/db/sync.pp,1
148,puppet-cinder/manifests/backends.pp,1
149,puppet-keystone/manifests/python.pp,1
150,fuel-plugin-lma-collector/deployment_scripts/puppet/modules/lma_collector/manifests/collectd/ceph_mon.pp,1
151,fuel-plugin-manila/deployment_scripts/puppet/modules/manila_auxiliary/manifests/image.pp,1
152,fuel-plugin-onos/deployment_scripts/puppet/modules/onos/manifests/init.pp,1
153,packstack/packstack/puppet/modules/packstack/manifests/nova/neutron.pp,1
154,puppet-monasca/manifests/checks/instances/memory.pp,1
155,fuel-plugin-lma-collector/deployment_scripts/puppet/modules/fuel_lma_collector/manifests/params.pp,1
156,fuel-plugin-murano/deployment_scripts/manifests/pin_murano_plugin_repo.pp,1
157,fuel-library/deployment/puppet/fuel/examples/rsyslog.pp,1
158,fuel-library/deployment/puppet/openstack/tests/cloudcontroller.pp,1
159,fuel-library/deployment/puppet/osnailyfacter/manifests/astute/purge_service_entries.pp,1
160,fuel-library/deployment/puppet/osnailyfacter/manifests/memcached/memcached.pp,1
161,fuel-library/deployment/puppet/openstack/manifests/apparmor/disable.pp,1
162,fuel-library/deployment/puppet/osnailyfacter/modular/netconfig/sriov_iommu_check.pp,1
163,fuel-plugin-mellanox/deployment_scripts/puppet/manifests/cinder.pp,1
164,fuel-library/deployment/puppet/osnailyfacter/modular/openstack-network/server-config.pp,1
165,fuel-library/deployment/puppet/osnailyfacter/modular/openstack-network/plugins/ml2.pp,1
166,fuel-library/deployment/puppet/osnailyfacter/modular/openstack-network/agents/metadata.pp,1
167,fuel-library/deployment/puppet/osnailyfacter/modular/openstack-controller/openstack-controller.pp,1
168,fuel-library/deployment/puppet/osnailyfacter/modular/roles/compute.pp,1
169,fuel-library/deployment/puppet/osnailyfacter/examples/site.pp,1
170,fuel-library/deployment/puppet/osnailyfacter/modular/keystone/keystone.pp,1
171,fuel-library/deployment/puppet/osnailyfacter/modular/roles/cinder.pp,1
172,fuel-library/deployment/puppet/osnailyfacter/modular/roles/controller.pp,1
173,fuel-library/deployment/puppet/osnailyfacter/modular/glance/glance.pp,1
174,fuel-library/deployment/puppet/osnailyfacter/modular/ceilometer/controller.pp,1
175,fuel-library/deployment/puppet/osnailyfacter/modular/horizon/horizon.pp,1
176,fuel-library/deployment/puppet/osnailyfacter/modular/openstack-network/compute-nova.pp,1
177,fuel-library/deployment/puppet/osnailyfacter/modular/openstack-cinder/openstack-cinder.pp,1
178,fuel-library/deployment/puppet/osnailyfacter/modular/aodh/aodh.pp,1
179,fuel-library/deployment/puppet/osnailyfacter/modular/ceilometer/compute.pp,1
180,fuel-library/deployment/puppet/osnailyfacter/modular/ceph/ceph-osd.pp,1
181,fuel-library/deployment/puppet/osnailyfacter/modular/openstack-network/networks.pp,1
182,fuel-library/deployment/puppet/osnailyfacter/modular/ceph/radosgw.pp,1
183,fuel-library/deployment/puppet/osnailyfacter/modular/ironic/ironic-compute.pp,1
184,fuel-library/deployment/puppet/osnailyfacter/modular/roles/ironic-conductor.pp,1
185,fuel-library/deployment/puppet/osnailyfacter/modular/ceph/ceph_compute.pp,1
186,fuel-library/deployment/puppet/osnailyfacter/modular/openstack-network/common-config.pp,1
187,fuel-library/deployment/puppet/osnailyfacter/modular/murano/rabbitmq.pp,1
188,fuel-library/deployment/puppet/osnailyfacter/modular/ceph/mon.pp,1
189,fuel-library/deployment/puppet/osnailyfacter/modular/roles/mongo.pp,1
190,fuel-library/deployment/puppet/osnailyfacter/modular/openstack-network/server-nova.pp,1
191,fuel-library/deployment/puppet/osnailyfacter/modular/openstack-controller/keystone.pp,1
192,fuel-library/deployment/puppet/osnailyfacter/modular/ironic/ironic.pp,1
193,fuel-library/deployment/puppet/osnailyfacter/modular/heat/keystone.pp,1
194,fuel-library/deployment/puppet/osnailyfacter/modular/swift/keystone.pp,1
195,fuel-library/deployment/puppet/osnailyfacter/modular/murano/keystone.pp,1
196,fuel-library/deployment/puppet/osnailyfacter/modular/openstack-network/keystone.pp,1
197,fuel-library/deployment/puppet/osnailyfacter/modular/ceph/ceph_pools.pp,1
198,fuel-library/deployment/puppet/osnailyfacter/modular/openstack-cinder/keystone.pp,1
199,fuel-library/deployment/puppet/osnailyfacter/modular/tools/tools.pp,1
200,fuel-library/deployment/puppet/osnailyfacter/modular/logging/logging.pp,1
201,fuel-library/deployment/puppet/osnailyfacter/modular/ntp/ntp-client.pp,1
202,fuel-library/deployment/puppet/osnailyfacter/modular/murano/keystone_cfapi.pp,1
203,fuel-library/deployment/puppet/osnailyfacter/modular/vmware/vcenter.pp,1
204,fuel-library/deployment/puppet/osnailyfacter/modular/cluster/cluster.pp,1
205,fuel-library/deployment/puppet/osnailyfacter/modular/ceilometer/keystone.pp,1
206,fuel-library/deployment/puppet/osnailyfacter/modular/ntp/ntp-server.pp,1
207,fuel-library/deployment/puppet/osnailyfacter/modular/openstack-cinder/create_cinder_types.pp,1
208,fuel-library/deployment/puppet/osnailyfacter/modular/vmware/compute-vmware.pp,1
209,fuel-library/deployment/puppet/osnailyfacter/modular/cluster-haproxy/cluster-haproxy.pp,1
210,fuel-library/deployment/puppet/osnailyfacter/modular/sahara/keystone.pp,1
211,fuel-library/deployment/puppet/osnailyfacter/modular/cluster/health.pp,1
212,fuel-library/deployment/puppet/osnailyfacter/modular/ceilometer/radosgw_user.pp,1
213,fuel-library/deployment/puppet/osnailyfacter/modular/roles/allocate_hugepages.pp,1
214,fuel-library/deployment/puppet/osnailyfacter/modular/apache/apache.pp,1
215,fuel-library/deployment/puppet/osnailyfacter/modular/roles/enable_cinder.pp,1
216,fuel-library/deployment/puppet/osnailyfacter/modular/memcached/memcached.pp,1
217,fuel-plugin-opendaylight/deployment_scripts/puppet/manifests/odl-service.pp,1
218,fuel-library/deployment/puppet/osnailyfacter/modular/keystone/openrc_delete.pp,1
219,fuel-library/deployment/puppet/osnailyfacter/modular/globals/globals.pp,1
220,fuel-library/deployment/puppet/osnailyfacter/modular/firewall/firewall.pp,1
221,fuel-library/deployment/puppet/osnailyfacter/modular/database/database.pp,1
222,fuel-library/deployment/puppet/osnailyfacter/modular/virtual_ips/virtual_ips.pp,1
223,fuel-library/deployment/puppet/osnailyfacter/modular/rabbitmq/rabbitmq.pp,1
224,fuel-library/deployment/puppet/osnailyfacter/modular/netconfig/netconfig.pp,1
225,fuel-library/deployment/puppet/osnailyfacter/modular/virtual_ips/conntrackd.pp,1
226,fuel-library/deployment/puppet/osnailyfacter/modular/ssl/ssl_add_trust_chain.pp,1
227,fuel-library/deployment/puppet/osnailyfacter/modular/hiera/hiera.pp,1
228,fuel-library/deployment/puppet/osnailyfacter/modular/ssl/ssl_keys_saving.pp,1
229,fuel-library/deployment/puppet/osnailyfacter/modular/generate_vms/generate_vms.pp,1
230,fuel-library/deployment/puppet/osnailyfacter/modular/fuel_pkgs/setup_repositories.pp,1
231,fuel-library/deployment/puppet/osnailyfacter/modular/astute/dump_rabbitmq_definitions.pp,1
232,fuel-library/deployment/puppet/osnailyfacter/modular/openstack-haproxy/openstack-haproxy-cinder.pp,1
233,fuel-library/deployment/puppet/osnailyfacter/modular/openstack-haproxy/openstack-haproxy-mysqld.pp,1
234,fuel-library/deployment/puppet/osnailyfacter/modular/netconfig/configure_default_route.pp,1
235,fuel-library/deployment/puppet/osnailyfacter/modular/fuel_pkgs/fuel_pkgs.pp,1
236,fuel-library/deployment/puppet/osnailyfacter/modular/ceph/updatedb.pp,1
237,fuel-library/deployment/puppet/osnailyfacter/modular/hosts/hosts.pp,1
238,fuel-library/deployment/puppet/osnailyfacter/modular/ntp/ntp-check.pp,1
239,fuel-library/deployment/puppet/osnailyfacter/modular/netconfig/reserved_ports.pp,1
240,fuel-library/deployment/puppet/osnailyfacter/modular/netconfig/connectivity_tests.pp,1
241,fuel-library/deployment/puppet/openstack_tasks/examples/swift/keystone.pp,1
242,puppet-nova/manifests/keystone/authtoken.pp,0
243,puppet-gnocchi/manifests/keystone/authtoken.pp,0
244,puppet-tripleo/manifests/network/contrail/config.pp,0
245,puppet-aodh/manifests/logging.pp,0
246,puppet-ironic/manifests/inspector/logging.pp,0
247,puppet-murano/manifests/logging.pp,0
248,puppet-oslo/manifests/service.pp,0
249,puppet-octavia/manifests/logging.pp,0
250,puppet-rally/manifests/logging.pp,0
251,puppet-ec2api/manifests/logging.pp,0
252,puppet-barbican/manifests/api/logging.pp,0
253,puppet-midonet/manifests/repository.pp,0
254,puppet-manila/manifests/share/netapp.pp,0
255,puppet-ironic/manifests/keystone/auth_inspector.pp,0
256,puppet-ironic/examples/ironic.pp,0
257,puppet-oslo/manifests/messaging/zmq.pp,0
258,fuel-library/deployment/puppet/osnailyfacter/manifests/ceph/ceph_osd.pp,0
259,puppet-cinder/manifests/volume/gpfs.pp,0
260,puppet-oslo/manifests/messaging/amqp.pp,0
261,puppet-manila/manifests/share/generic.pp,0
262,puppet-zaqar/manifests/logging.pp,0
263,puppet-tripleo/manifests/firewall/rule.pp,0
264,puppet-vitrage/manifests/keystone/auth.pp,0
265,puppet-watcher/manifests/keystone/auth.pp,0
266,puppet-zaqar/manifests/messaging/mongodb.pp,0
267,puppet-mistral/manifests/keystone/auth.pp,0
268,puppet-zaqar/manifests/keystone/auth.pp,0
269,puppet-tripleo/manifests/profile/base/rabbitmq.pp,0
270,puppet-murano/manifests/keystone/cfapi_auth.pp,0
271,puppet-zaqar/manifests/keystone/auth_websocket.pp,0
272,puppet-openstack-cookiecutter/puppet-{{cookiecutter.project_name}}/manifests/keystone/auth.pp,0
273,puppet-designate/manifests/mdns.pp,0
274,puppet-cinder/manifests/volume/san.pp,0
275,puppet-gnocchi/manifests/keystone/auth.pp,0
276,puppet-barbican/manifests/keystone/auth.pp,0
277,puppet-zaqar/manifests/management/mongodb.pp,0
278,fuel-library/deployment/puppet/osnailyfacter/manifests/ceph/ceph_compute.pp,0
279,puppet-barbican/manifests/db.pp,0
280,fuel-library/deployment/puppet/openstack_tasks/manifests/glance/keystone.pp,0
281,puppet-aodh/manifests/keystone/auth.pp,0
282,puppet-barbican/manifests/plugins/kmip.pp,0
283,puppet-octavia/manifests/keystone/auth.pp,0
284,puppet-cinder/manifests/volume/nfs.pp,0
285,puppet-cinder/manifests/volume/vmdk.pp,0
286,puppet-keystone/manifests/deps.pp,0
287,puppet-ironic/manifests/drivers/agent.pp,0
288,fuel-library/deployment/puppet/openstack/manifests/ha/cinder.pp,0
289,puppet-gnocchi/manifests/storage/ceph.pp,0
290,puppet-ironic/manifests/db.pp,0
291,puppet-mistral/manifests/db.pp,0
292,fuel-library/deployment/puppet/osnailyfacter/manifests/credentials_file.pp,0
293,puppet-manila/manifests/db.pp,0
294,puppet-sahara/manifests/db.pp,0
295,puppet-murano/manifests/db.pp,0
296,puppet-cinder/manifests/glance.pp,0
297,fuel-library/deployment/puppet/openstack/manifests/ha/neutron.pp,0
298,fuel-library/deployment/puppet/osnailyfacter/manifests/auth_file.pp,0
299,puppet-cinder/manifests/backup/posix.pp,0
300,puppet-tripleo/manifests/cluster/cassandra.pp,0
301,fuel-library/deployment/puppet/osnailyfacter/manifests/logging/logging.pp,0
302,puppet-aodh/manifests/db.pp,0
303,puppet-ironic/manifests/db/mysql.pp,0
304,puppet-aodh/manifests/db/mysql.pp,0
305,puppet-octavia/manifests/db/mysql.pp,0
306,puppet-barbican/manifests/plugins/p11_crypto.pp,0
307,puppet-tripleo/manifests/noop.pp,0
308,puppet-gnocchi/manifests/storage/influxdb.pp,0
309,puppet-magnum/manifests/db.pp,0
310,puppet-octavia/manifests/db.pp,0
311,puppet-manila/manifests/db/mysql.pp,0
312,puppet-manila/manifests/volume/cinder.pp,0
313,puppet-manila/manifests/rabbitmq.pp,0
314,puppet-manila/manifests/quota.pp,0
315,puppet-cinder/manifests/volume/nexenta.pp,0
316,puppet-sahara/manifests/notify.pp,0
317,puppet-gnocchi/manifests/storage/swift.pp,0
318,puppet-oslo/manifests/cors.pp,0
319,puppet-cinder/manifests/volume/pure.pp,0
320,puppet-oslo/manifests/privsep.pp,0
321,puppet-sahara/manifests/db/mysql.pp,0
322,puppet-tripleo/manifests/profile/base/snmp.pp,0
323,puppet-cinder/manifests/volume/quobyte.pp,0
324,puppet-pacemaker/manifests/params.pp,0
325,fuel-plugin-lma-collector/deployment_scripts/puppet/modules/lma_collector/manifests/collectd/http_check.pp,0
326,puppet-ironic/manifests/cors.pp,0
327,puppet-mistral/manifests/cors.pp,0
328,puppet-oslo/manifests/messaging/notifications.pp,0
329,puppet-designate/manifests/db/powerdns/mysql.pp,0
330,puppet-tripleo/manifests/profile/base/neutron/plugins/ml2/opendaylight.pp,0
331,puppet-tripleo/manifests/firewall/post.pp,0
332,fuel-library/deployment/puppet/openstack_tasks/manifests/murano/cfapi.pp,0
333,fuel-library/deployment/puppet/openstack/manifests/firewall/multi_net.pp,0
334,fuel-plugin-lma-collector/deployment_scripts/puppet/modules/lma_collector/manifests/collectd/rabbitmq.pp,0
335,puppet-murano/manifests/config.pp,0
336,puppet-sahara/manifests/db/postgresql.pp,0
337,puppet-ironic/manifests/db/postgresql.pp,0
338,puppet-murano/manifests/db/postgresql.pp,0
339,puppet-designate/manifests/agent.pp,0
340,fuel-plugin-bigswitch/deployment_scripts/puppet/modules/bcf/manifests/init.pp,0
341,puppet-gnocchi/manifests/db/postgresql.pp,0
342,puppet-neutron/examples/neutron_with_pacemaker.pp,0
343,puppet-keystone/examples/v3_basic.pp,0
344,puppet-ceph/manifests/profile/mon.pp,0
345,puppet-cinder/manifests/db/postgresql.pp,0
346,puppet-manila/manifests/db/postgresql.pp,0
347,puppet-ec2api/manifests/db/sync.pp,0
348,puppet-ceilometer/manifests/db/postgresql.pp,0
349,puppet-nova/manifests/availability_zone.pp,0
350,fuel-plugin-lma-infrastructure-alerting/deployment_scripts/puppet/manifests/nagios_dashboard_url.pp,0
351,puppet-monasca/manifests/kafka/topics.pp,0
352,puppet-oslo/manifests/messaging/default.pp,0
353,puppet-barbican/manifests/keystone/notification.pp,0
354,puppet-barbican/manifests/quota.pp,0
355,puppet-mistral/manifests/policy.pp,0
356,puppet-zaqar/manifests/policy.pp,0
357,puppet-ironic/manifests/drivers/deploy.pp,0
358,fuel-plugin-lma-collector/deployment_scripts/puppet/modules/lma_collector/manifests/collectd/libvirt.pp,0
359,puppet-designate/manifests/policy.pp,0
360,puppet-manila/manifests/backend/glusterfs.pp,0
361,puppet-aodh/manifests/policy.pp,0
362,fuel-library/deployment/puppet/openstack/manifests/ha/haproxy_restart.pp,0
363,puppet-tripleo/manifests/vip_hosts.pp,0
364,fuel-plugin-influxdb-grafana/deployment_scripts/puppet/modules/lma_monitoring_analytics/manifests/influxdb.pp,0
365,puppet-barbican/manifests/config.pp,0
366,puppet-ceilometer/manifests/config.pp,0
367,puppet-cinder/manifests/quota.pp,0
368,puppet-vitrage/manifests/params.pp,0
369,puppet-gnocchi/manifests/storage/file.pp,0
370,puppet-monasca/manifests/kafka/config.pp,0
371,puppet-gnocchi/manifests/config.pp,0
372,puppet-ec2api/manifests/config.pp,0
373,puppet-aodh/manifests/config.pp,0
374,puppet-magnum/manifests/config.pp,0
375,puppet-vitrage/manifests/config.pp,0
376,fuel-plugin-lma-collector/deployment_scripts/puppet/modules/lma_collector/manifests/collectd/apache.pp,0
377,packstack/packstack/puppet/modules/packstack/manifests/trove.pp,0
378,puppet-ironic/manifests/config.pp,0
379,puppet-sahara/manifests/config.pp,0
380,fuel-plugin-lma-collector/deployment_scripts/puppet/modules/lma_collector/manifests/collectd/libvirt_check.pp,0
381,puppet-ceph/manifests/profile/client.pp,0
382,fuel-plugin-elasticsearch-kibana/deployment_scripts/puppet/modules/lma_logging_analytics/manifests/es_template.pp,0
383,fuel-library/deployment/puppet/osnailyfacter/manifests/openstack_haproxy/openstack_haproxy_ironic.pp,0
384,fuel-plugin-lma-collector/deployment_scripts/puppet/modules/lma_collector/manifests/collectd/memcached.pp,0
385,fuel-library/deployment/puppet/merge_yaml/tests/test_yaml_settings.pp,0
386,puppet-ironic/manifests/drivers/ssh.pp,0
387,puppet-trove/manifests/policy.pp,0
388,fuel-plugin-elasticsearch-kibana/deployment_scripts/puppet/manifests/check_environment_configuration.pp,0
389,puppet-ceph/manifests/osds.pp,0
390,puppet-ceph/manifests/conf.pp,0
391,puppet-cinder/manifests/ceilometer.pp,0
392,fuel-plugin-manila/deployment_scripts/puppet/manifests/keystone.pp,0
393,puppet-ironic/manifests/policy.pp,0
394,puppet-manila/manifests/network/neutron_single_network.pp,0
395,fuel-plugin-6wind-virtual-accelerator/deployment_scripts/puppet/modules/virtual_accelerator/manifests/init.pp,0
396,puppet-openstack-cookiecutter/puppet-{{cookiecutter.project_name}}/manifests/config.pp,0
397,puppet-tripleo/manifests/profile/base/kernel.pp,0
398,fuel-plugin-manila/deployment_scripts/puppet/manifests/haproxy.pp,0
399,puppet-congress/manifests/config.pp,0
400,fuel-plugin-ironic/deployment_scripts/puppet/modules/ironic/manifests/config.pp,0
401,puppet-ceph/manifests/profile/osd.pp,0
402,puppet-oslo/manifests/middleware.pp,0
403,fuel-library/deployment/puppet/fuel/manifests/dnsmasq/dhcp_range.pp,0
404,puppet-swift/manifests/storage/disks.pp,0
405,puppet-tripleo/manifests/trusted_cas.pp,0
406,puppet-monasca/manifests/checks/instances/solidfire.pp,0
407,puppet-zaqar/manifests/transport/websocket.pp,0
408,fuel-plugin-influxdb-grafana/deployment_scripts/puppet/modules/lma_monitoring_analytics/manifests/params.pp,0
409,packstack/packstack/puppet/modules/packstack/manifests/heat.pp,0
410,puppet-glance/examples/glance_multi_store.pp,0
411,puppet-keystone/manifests/federation/openidc_httpd_configuration.pp,0
412,fuel-plugin-lma-collector/deployment_scripts/puppet/modules/lma_collector/manifests/collectd/ceph_osd.pp,0
413,fuel-library/deployment/puppet/osnailyfacter/manifests/wait_for_backend.pp,0
414,puppet-tripleo/manifests/init.pp,0
415,fuel-library/deployment/puppet/vmware/manifests/network/neutron.pp,0
416,fuel-plugin-cisco-aci/deployment_scripts/puppet/modules/apic/manifests/params.pp,0
417,puppet-octavia/manifests/db/sync.pp,0
418,fuel-plugin-midonet/deployment_scripts/puppet/manifests/midonet-enable-ip-forward.pp,0
419,puppet-manila/manifests/backends.pp,0
420,fuel-library/deployment/puppet/openstack/manifests/reserved_ports.pp,0
421,fuel-plugin-ironic/deployment_scripts/puppet/manifests/network-ovs.pp,0
422,puppet-zaqar/manifests/transport/wsgi.pp,0
423,fuel-plugin-purestorage-cinder/deployment_scripts/puppet/manifests/compute.pp,0
424,fuel-library/deployment/puppet/osnailyfacter/manifests/virtual_ips/public_vip_ping.pp,0
425,fuel-library/deployment/puppet/tweaks/manifests/apache_wrappers.pp,0
426,puppet-oslo/manifests/versionedobjects.pp,0
427,fuel-plugin-cisco-aci/deployment_scripts/puppet/modules/gbp/manifests/config.pp,0
428,fuel-library/deployment/puppet/fuel/examples/rabbitmq.pp,0
429,puppet-midonet/manifests/resources/interface_up.pp,0
430,fuel-library/deployment/puppet/osnailyfacter/manifests/cgroups/cgroups.pp,0
431,packstack/packstack/puppet/modules/packstack/manifests/neutron/lbaas.pp,0
432,fuel-library/deployment/puppet/osnailyfacter/manifests/connectivity-checker.pp,0
433,fuel-plugin-opendaylight/deployment_scripts/puppet/modules/opendaylight/manifests/init.pp,0
434,fuel-library/deployment/puppet/osnailyfacter/manifests/vmware/cinder_vmware.pp,0
435,fuel-plugin-opendaylight/deployment_scripts/puppet/modules/opendaylight/manifests/vxgpe.pp,0
436,fuel-plugin-manila/deployment_scripts/puppet/manifests/init_controller.pp,0
437,fuel-library/deployment/puppet/osnailyfacter/modular/ceph/ceph_ready_check.pp,0
438,puppet-rally/examples/rally.pp,0
439,fuel-library/deployment/puppet/osnailyfacter/manifests/dns/dns_client.pp,0
440,fuel-library/deployment/puppet/osnailyfacter/manifests/generate_vms/vm_config.pp,0
441,fuel-library/deployment/puppet/fuel/examples/mcollective.pp,0
442,fuel-plugin-mellanox/deployment_scripts/puppet/manifests/iser_rename.pp,0
443,fuel-library/deployment/puppet/haproxy/manifests/balancermember/collect_exported.pp,0
444,fuel-plugin-nsx-t/deployment_scripts/puppet/modules/nsxt/manifests/params.pp,0
445,packstack/packstack/puppet/modules/packstack/manifests/nova/conductor.pp,0
446,fuel-library/deployment/puppet/osnailyfacter/modular/openstack-network/agents/l3.pp,0
447,fuel-library/deployment/puppet/sysfs/manifests/params.pp,0
448,fuel-library/deployment/puppet/osnailyfacter/manifests/test_controller.pp,0
449,fuel-library/deployment/puppet/osnailyfacter/modular/murano/upload_murano_package.pp,0
450,fuel-library/deployment/puppet/osnailyfacter/modular/openstack-network/routers.pp,0
451,fuel-library/deployment/puppet/osnailyfacter/modular/glance/keystone.pp,0
452,fuel-library/deployment/puppet/osnailyfacter/modular/keystone/workloads_collector_remove.pp,0
453,fuel-library/deployment/puppet/osnailyfacter/modular/roles/enable_compute.pp,0
454,fuel-library/deployment/puppet/osnailyfacter/modular/cgroups/cgroups.pp,0
455,fuel-library/deployment/puppet/osnailyfacter/modular/cluster-vrouter/cluster-vrouter.pp,0
456,fuel-plugin-opendaylight/deployment_scripts/puppet/manifests/hiera-override.pp,0
457,fuel-library/deployment/puppet/osnailyfacter/modular/openstack-haproxy/openstack-haproxy.pp,0
458,fuel-library/deployment/puppet/osnailyfacter/modular/ntp/timesync.pp,0
459,fuel-library/deployment/puppet/osnailyfacter/modular/dns/dns-client.pp,0
460,fuel-library/deployment/puppet/osnailyfacter/modular/umm/umm.pp,0
461,fuel-library/deployment/puppet/osnailyfacter/modular/provision/build_image.pp,0
462,fuel-library/deployment/puppet/cluster/manifests/params.pp,0
463,fuel-plugin-manila/deployment_scripts/puppet/manifests/notify.pp,0
464,fuel-library/deployment/puppet/osnailyfacter/manifests/install_ssh_keys.pp,0
465,puppet-tripleo/manifests/haproxy.pp,1
466,puppet-ec2api/manifests/api.pp,1
467,puppet-swift/manifests/keystone/auth.pp,1
468,puppet-keystone/manifests/resource/authtoken.pp,1
469,fuel-plugin-lma-collector/deployment_scripts/puppet/manifests/hiera_override.pp,1
470,puppet-neutron/manifests/server/notifications.pp,1
471,puppet-keystone/manifests/resource/service_identity.pp,1
472,puppet-nova/manifests/quota.pp,1
473,fuel-plugin-external-zabbix/deployment_scripts/puppet/modules/plugin_zabbix/manifests/params.pp,1
474,puppet-swift/manifests/storage/all.pp,1
475,puppet-neutron/manifests/params.pp,1
476,puppet-glance/manifests/backend/vsphere.pp,1
477,puppet-cinder/manifests/backend/eqlx.pp,1
478,fuel-library/deployment/puppet/openstack/manifests/ha/haproxy_service.pp,1
479,puppet-glance/manifests/notify/rabbitmq.pp,1
480,fuel-library/deployment/puppet/openstack_tasks/manifests/sahara/sahara.pp,1
481,puppet-ironic/manifests/drivers/pxe.pp,1
482,puppet-nova/manifests/scheduler/filter.pp,1
483,puppet-designate/manifests/api.pp,1
484,puppet-nova/manifests/logging.pp,1
485,puppet-heat/manifests/logging.pp,1
486,puppet-manila/manifests/backend/netapp.pp,1
487,fuel-plugin-external-zabbix/deployment_scripts/puppet/modules/plugin_zabbix/manifests/ha/haproxy.pp,1
488,puppet-neutron/manifests/quota.pp,1
489,puppet-neutron/manifests/config.pp,1
490,puppet-nova/manifests/params.pp,1
491,puppet-nova/manifests/keystone/auth.pp,1
492,fuel-plugin-external-zabbix/deployment_scripts/puppet/modules/plugin_zabbix/manifests/monitoring/nova_mon.pp,1
493,puppet-manila/manifests/service_instance.pp,1
494,puppet-glance/manifests/backend/s3.pp,1
495,puppet-tripleo/manifests/haproxy/endpoint.pp,1
496,puppet-cinder/manifests/backend/solidfire.pp,1
497,puppet-keystone/examples/ldap_backend.pp,1
498,puppet-trove/manifests/keystone/auth.pp,1
499,puppet-ceilometer/manifests/keystone/auth.pp,1
500,puppet-glance/manifests/backend/swift.pp,1
501,puppet-cinder/manifests/backend/hp3par_iscsi.pp,1
502,puppet-nova/manifests/cache.pp,1
503,fuel-plugin-lma-infrastructure-alerting/deployment_scripts/puppet/modules/lma_infra_alerting/manifests/nagios/check_http.pp,1
504,puppet-keystone/manifests/endpoint.pp,1
505,puppet-swift/manifests/proxy/tempauth.pp,1
506,puppet-heat/manifests/keystone/auth_cfn.pp,1
507,puppet-glance/manifests/keystone/auth.pp,1
508,puppet-neutron/manifests/keystone/auth.pp,1
509,fuel-plugin-influxdb-grafana/deployment_scripts/puppet/modules/influxdb/manifests/configure.pp,1
510,fuel-plugin-lma-infrastructure-alerting/deployment_scripts/puppet/modules/lma_infra_alerting/manifests/params.pp,1
511,puppet-midonet/manifests/neutron_plugin.pp,1
512,puppet-swift/manifests/storage/node.pp,1
513,puppet-ceilometer/manifests/agent/auth.pp,1
514,fuel-library/deployment/puppet/cobbler/manifests/init.pp,1
515,fuel-library/deployment/puppet/osnailyfacter/manifests/ssh.pp,1
516,fuel-plugin-elasticsearch-kibana/deployment_scripts/puppet/manifests/provision_services.pp,1
517,puppet-tripleo/manifests/profile/base/nova.pp,1
518,puppet-trove/manifests/quota.pp,1
519,fuel-library/deployment/puppet/cobbler/examples/server_site.pp,1
520,packstack/packstack/puppet/modules/packstack/manifests/ceilometer.pp,1
521,puppet-midonet/manifests/repository/centos.pp,1
522,puppet-trove/manifests/db/mysql.pp,1
523,puppet-ironic/manifests/params.pp,1
524,puppet-swift/manifests/params.pp,1
525,puppet-keystone/manifests/db/mysql.pp,1
526,puppet-glance/manifests/registry/db.pp,1
527,fuel-plugin-lma-infrastructure-alerting/deployment_scripts/puppet/manifests/cluster.pp,1
528,puppet-ceilometer/manifests/db.pp,1
529,puppet-nova/manifests/rabbitmq.pp,1
530,fuel-plugin-influxdb-grafana/deployment_scripts/puppet/manifests/cluster.pp,1
531,fuel-plugin-influxdb-grafana/deployment_scripts/puppet/manifests/grafana.pp,1
532,puppet-ceilometer/manifests/params.pp,1
533,puppet-ceilometer/manifests/expirer.pp,1
534,fuel-plugin-lma-collector/deployment_scripts/puppet/manifests/cinder.pp,1
535,fuel-library/deployment/puppet/openstack_tasks/manifests/openstack_network/agents/metadata.pp,1
536,fuel-library/deployment/puppet/cluster/manifests/corosync/cs_service.pp,1
537,puppet-keystone/tests/site.pp,1
538,puppet-cinder/manifests/params.pp,1
539,puppet-heat/manifests/db/mysql.pp,1
540,puppet-tripleo/manifests/profile/base/cinder/volume/iscsi.pp,1
541,fuel-library/deployment/puppet/cluster/manifests/virtual_ip_ping.pp,1
542,puppet-openstack-integration/manifests/ceph.pp,1
543,fuel-library/deployment/puppet/cluster/manifests/init.pp,1
544,puppet-cinder/manifests/volume/iscsi.pp,1
545,fuel-plugin-lma-collector/deployment_scripts/puppet/manifests/configure_afd_filters.pp,1
546,puppet-nova/manifests/db/mysql.pp,1
547,packstack/packstack/puppet/modules/packstack/manifests/horizon.pp,1
548,puppet-keystone/manifests/db/postgresql.pp,1
549,fuel-library/deployment/puppet/cluster/manifests/ntp_ocf.pp,1
550,fuel-library/deployment/puppet/tweaks/manifests/ubuntu_service_override.pp,1
551,packstack/packstack/puppet/modules/packstack/manifests/provision/bridge.pp,1
552,puppet-glance/manifests/db/mysql.pp,1
553,puppet-neutron/manifests/db/mysql.pp,1
554,puppet-nova/manifests/vncproxy/common.pp,1
555,fuel-library/deployment/puppet/cluster/manifests/vrouter_ocf.pp,1
556,puppet-manila/manifests/params.pp,1
557,puppet-aodh/manifests/params.pp,1
558,puppet-heat/manifests/params.pp,1
559,puppet-swift/manifests/ringserver.pp,1
560,packstack/packstack/puppet/modules/packstack/manifests/gnocchi.pp,1
561,puppet-swift/manifests/ringbuilder.pp,1
562,puppet-nova/manifests/db/postgresql.pp,1
563,puppet-keystone/examples/apache_dropin.pp,1
564,fuel-plugin-onos/deployment_scripts/puppet/modules/onos/manifests/service.pp,1
565,puppet-heat/manifests/db/postgresql.pp,1
566,puppet-swift/manifests/test_file.pp,1
567,fuel-library/deployment/puppet/openstack/manifests/repo/yum.pp,1
568,puppet-gnocchi/manifests/params.pp,1
569,fuel-library/deployment/puppet/l23network/manifests/l2/bond_interface.pp,1
570,puppet-murano/manifests/params.pp,1
571,puppet-designate/manifests/params.pp,1
572,puppet-swift/manifests/proxy/s3token.pp,1
573,puppet-monasca/manifests/checks/network.pp,1
574,puppet-nova/manifests/network/bridge.pp,1
575,puppet-neutron/manifests/policy.pp,1
576,puppet-tripleo/manifests/profile/base/ceilometer.pp,1
577,puppet-nova/manifests/config.pp,1
578,puppet-mistral/manifests/params.pp,1
579,puppet-ceilometer/examples/ceilometer_with_gnocchi.pp,1
580,puppet-heat/manifests/policy.pp,1
581,puppet-glance/manifests/params.pp,1
582,fuel-plugin-external-zabbix/deployment_scripts/puppet/modules/plugin_zabbix/manifests/monitoring/keystone_mon.pp,1
583,puppet-keystone/manifests/config.pp,1
584,fuel-plugin-contrail/deployment_scripts/puppet/manifests/contrail-compute-repo.pp,1
585,fuel-plugin-scaleio/deployment_scripts/puppet/manifests/cinder.pp,1
586,puppet-swift/manifests/proxy/cache.pp,1
587,puppet-heat/manifests/config.pp,1
588,fuel-library/deployment/puppet/openstack_tasks/manifests/openstack_network/agents/sriov.pp,1
589,packstack/packstack/puppet/modules/packstack/manifests/neutron/api.pp,1
590,puppet-trove/manifests/params.pp,1
591,puppet-swift/manifests/storage.pp,1
592,puppet-trove/manifests/db/sync.pp,1
593,fuel-library/deployment/puppet/haproxy/manifests/config.pp,1
594,puppet-keystone/manifests/params.pp,1
595,puppet-monasca/manifests/storm/startup_script.pp,1
596,puppet-gnocchi/examples/site.pp,1
597,puppet-swift/manifests/proxy/staticweb.pp,1
598,puppet-swift/manifests/proxy/account_quotas.pp,1
599,puppet-swift/manifests/proxy/formpost.pp,1
600,puppet-designate/manifests/dns.pp,1
601,puppet-ec2api/manifests/params.pp,1
602,fuel-library/deployment/puppet/osnailyfacter/manifests/astute/upload_cirros.pp,1
603,fuel-library/deployment/puppet/osnailyfacter/manifests/hosts/hosts.pp,1
604,fuel-plugin-scaleio/deployment_scripts/puppet/manifests/mdm_package.pp,1
605,fuel-library/deployment/puppet/openstack/manifests/repo/apt.pp,1
606,packstack/packstack/puppet/modules/packstack/manifests/netns.pp,1
607,fuel-plugin-mellanox/deployment_scripts/puppet/modules/mellanox_openstack/manifests/snapshot_patch.pp,1
608,fuel-plugin-contrail/deployment_scripts/puppet/manifests/contrail-compute-override.pp,1
609,fuel-plugin-contrail/deployment_scripts/puppet/manifests/contrail-utils.pp,1
610,fuel-library/deployment/puppet/l23network/manifests/hosts_file.pp,1
611,puppet-qdr/manifests/service.pp,1
612,puppet-monasca/manifests/persister/startup_script.pp,1
613,puppet-swift/manifests/ringsync.pp,1
614,fuel-library/deployment/puppet/sysfs/manifests/service.pp,1
615,puppet-congress/manifests/init.pp,1
616,puppet-swift/manifests/xfs.pp,1
617,fuel-plugin-mellanox/deployment_scripts/puppet/manifests/verify_kernel_devel.pp,1
618,fuel-library/deployment/puppet/osnailyfacter/modular/murano/murano.pp,1
619,fuel-library/deployment/puppet/osnailyfacter/modular/sahara/sahara.pp,1
620,fuel-library/deployment/puppet/osnailyfacter/modular/murano/cfapi.pp,1
621,puppet-keystone/manifests/logging.pp,0
622,puppet-neutron/manifests/logging.pp,0
623,puppet-glance/manifests/api/logging.pp,0
624,puppet-monasca/manifests/checks/libvirt.pp,0
625,puppet-monasca/manifests/params.pp,0
626,fuel-plugin-influxdb-grafana/deployment_scripts/puppet/modules/lma_monitoring_analytics/manifests/grafana_dashboards.pp,0
627,puppet-glance/manifests/backend/cinder.pp,0
628,puppet-tripleo/manifests/firewall.pp,0
629,puppet-neutron/manifests/plugins/ml2/cisco/nexus_switch.pp,0
630,puppet-pacemaker/examples/pacemaker_resource/update.pp,0
631,puppet-swift/manifests/bench.pp,0
632,puppet-cinder/manifests/backend/dellsc_iscsi.pp,0
633,puppet-glance/manifests/keystone/glare_auth.pp,0
634,puppet-swift/manifests/proxy/tempurl.pp,0
635,puppet-tripleo/manifests/profile/base/swift/ringbuilder.pp,0
636,puppet-monasca/manifests/checks/ovs.pp,0
637,puppet-heat/manifests/cron/purge_deleted.pp,0
638,puppet-cinder/manifests/quota_set.pp,0
639,puppet-trove/manifests/config.pp,0
640,puppet-ceilometer/examples/site.pp,0
641,puppet-rally/manifests/db.pp,0
642,puppet-neutron/manifests/db.pp,0
643,puppet-keystone/manifests/db.pp,0
644,fuel-plugin-elasticsearch-kibana/deployment_scripts/puppet/manifests/cluster.pp,0
645,puppet-tripleo/manifests/packages.pp,0
646,puppet-cinder/manifests/cron/db_purge.pp,0
647,puppet-glance/manifests/config.pp,0
648,puppet-trove/manifests/db.pp,0
649,fuel-plugin-lma-infrastructure-alerting/deployment_scripts/puppet/modules/lma_infra_alerting/manifests/nagios/check_ssh.pp,0
650,puppet-tripleo/manifests/network/midonet/agent.pp,0
651,puppet-neutron/manifests/plugins/ml2/arista.pp,0
652,puppet-tripleo/manifests/profile/base/nova/compute/libvirt.pp,0
653,fuel-library/deployment/puppet/openstack_tasks/manifests/openstack_network/agents/l3.pp,0
654,puppet-monasca/manifests/checks/nagios_wrapper.pp,0
655,fuel-library/deployment/puppet/cgroups/manifests/init.pp,0
656,fuel-plugin-lma-collector/deployment_scripts/puppet/modules/lma_collector/manifests/smtp_alert.pp,0
657,puppet-glance/manifests/glare/db.pp,0
658,puppet-swift/manifests/proxy/slo.pp,0
659,puppet-tripleo/manifests/profile/pacemaker/cinder/backup.pp,0
660,puppet-tripleo/manifests/profile/pacemaker/cinder/volume.pp,0
661,fuel-plugin-lma-collector/deployment_scripts/puppet/manifests/compute.pp,0
662,puppet-cinder/manifests/type_set.pp,0
663,puppet-tripleo/manifests/profile/base/neutron/agents/nuage.pp,0
664,puppet-tripleo/manifests/profile/pacemaker/core.pp,0
665,puppet-manila/manifests/ganesha.pp,0
666,puppet-heat/manifests/cors.pp,0
667,puppet-keystone/manifests/cors.pp,0
668,puppet-tripleo/manifests/firewall/pre.pp,0
669,puppet-designate/manifests/sink.pp,0
670,puppet-tripleo/manifests/profile/base/monitoring/rabbitmq.pp,0
671,puppet-swift/manifests/proxy/gatekeeper.pp,0
672,puppet-swift/manifests/proxy/bulk.pp,0
673,puppet-ceph/manifests/profile/base.pp,0
674,fuel-library/deployment/puppet/cluster/manifests/heat_engine.pp,0
675,puppet-glance/manifests/backend/file.pp,0
676,puppet-trove/manifests/db/postgresql.pp,0
677,puppet-pacemaker/manifests/resource_defaults.pp,0
678,fuel-plugin-contrail/deployment_scripts/puppet/modules/contrail/manifests/compute/aggregate.pp,0
679,puppet-glance/manifests/db/postgresql.pp,0
680,puppet-nova/manifests/compute/serial.pp,0
681,fuel-plugin-elasticsearch-kibana/deployment_scripts/puppet/manifests/kibana.pp,0
682,fuel-plugin-scaleio/deployment_scripts/puppet/manifests/nova.pp,0
683,puppet-neutron/manifests/db/postgresql.pp,0
684,fuel-plugin-lma-collector/deployment_scripts/puppet/modules/lma_collector/manifests/collectd/hypervisor.pp,0
685,fuel-plugin-midonet/deployment_scripts/puppet/manifests/midonet-host-registry.pp,0
686,fuel-plugin-external-zabbix/deployment_scripts/puppet/modules/plugin_zabbix/manifests/monitoring/haproxy_mon.pp,0
687,fuel-library/deployment/puppet/cluster/manifests/aodh_evaluator.pp,0
688,fuel-plugin-contrail/deployment_scripts/puppet/modules/contrail/manifests/tor_agent.pp,0
689,puppet-swift/manifests/proxy/keystone.pp,0
690,fuel-plugin-lma-collector/deployment_scripts/puppet/modules/lma_collector/manifests/collectd/openstack_checks.pp,0
691,puppet-swift/manifests/proxy/dlo.pp,0
692,puppet-tripleo/manifests/profile/base/neutron/plumgrid.pp,0
693,puppet-gnocchi/manifests/storage.pp,0
694,puppet-nova/manifests/network/flat.pp,0
695,fuel-plugin-lma-collector/deployment_scripts/puppet/modules/lma_collector/manifests/collectd/haproxy.pp,0
696,puppet-monasca/manifests/checks/vertica.pp,0
697,puppet-tripleo/manifests/profile/base/manila/api.pp,0
698,puppet-keystone/manifests/policy.pp,0
699,puppet-tripleo/manifests/profile/base/keepalived.pp,0
700,fuel-library/deployment/puppet/osnailyfacter/manifests/astute/dump_rabbitmq_definitions.pp,0
701,puppet-swift/manifests/config.pp,0
702,puppet-tripleo/manifests/redis_notification.pp,0
703,puppet-tripleo/manifests/profile/pacemaker/sahara.pp,0
704,puppet-keystone/manifests/db/sync.pp,0
705,puppet-tripleo/manifests/certmonger/ca/local.pp,0
706,puppet-neutron/manifests/plugins/ml2/midonet.pp,0
707,puppet-ironic/manifests/db/sync.pp,0
708,puppet-swift/manifests/storage/filter/recon.pp,0
709,puppet-ironic/manifests/drivers/drac.pp,0
710,puppet-sahara/manifests/params.pp,0
711,puppet-cinder/manifests/db/sync.pp,0
712,puppet-ceilometer/manifests/db/sync.pp,0
713,puppet-sahara/manifests/db/sync.pp,0
714,puppet-murano/manifests/application.pp,0
715,puppet-barbican/manifests/params.pp,0
716,puppet-neutron/examples/neutron_l3_with_to_uuid.pp,0
717,fuel-plugin-contrail/deployment_scripts/puppet/manifests/compute-hiera.pp,0
718,puppet-octavia/manifests/params.pp,0
719,puppet-watcher/manifests/params.pp,0
720,puppet-designate/manifests/db/powerdns/sync.pp,0
721,fuel-library/deployment/puppet/osnailyfacter/manifests/netconfig/connectivity_tests.pp,0
722,fuel-plugin-plumgrid/deployment_scripts/puppet/manifests/disable_openvswitch.pp,0
723,fuel-plugin-opendaylight/deployment_scripts/puppet/manifests/odl-dashboard.pp,0
724,fuel-library/deployment/puppet/cluster/manifests/ceilometer_central.pp,0
725,puppet-oslo/manifests/params.pp,0
726,puppet-swift/manifests/proxy/crossdomain.pp,0
727,fuel-plugin-opendaylight/deployment_scripts/puppet/modules/opendaylight/manifests/sfc.pp,0
728,puppet-swift/manifests/proxy/healthcheck.pp,0
729,puppet-cinder/manifests/scheduler/filter.pp,0
730,puppet-tripleo/manifests/profile/pacemaker/neutron/plugins/nuage.pp,0
731,puppet-tripleo/manifests/profile/pacemaker/neutron/plugins/plumgrid.pp,0
732,puppet-tripleo/manifests/profile/base/ui.pp,0
733,fuel-library/deployment/puppet/osnailyfacter/manifests/api_proxy/api_proxy.pp,0
734,puppet-vitrage/examples/vitrage.pp,0
735,puppet-zaqar/manifests/params.pp,0
736,fuel-library/deployment/puppet/osnailyfacter/manifests/apache/apache.pp,0
737,fuel-library/deployment/puppet/fuel/examples/dhcp-ranges.pp,0
738,puppet-aodh/examples/aodh.pp,0
739,fuel-library/deployment/puppet/l23network/manifests/examples/run_network_scheme.pp,0
740,fuel-plugin-contrail/deployment_scripts/puppet/manifests/contrail-webui.pp,0
741,fuel-library/deployment/puppet/cluster/manifests/neutron.pp,0
742,puppet-manila/manifests/db/sync.pp,0
743,fuel-plugin-contrail/deployment_scripts/puppet/manifests/controller-vip.pp,0
744,puppet-swift/manifests/proxy/proxy_logging.pp,0
745,fuel-library/deployment/puppet/openstack_tasks/manifests/keystone/purge_old_admin.pp,0
746,puppet-congress/manifests/params.pp,0
747,puppet-openstack-cookiecutter/puppet-{{cookiecutter.project_name}}/manifests/params.pp,0
748,fuel-library/deployment/puppet/fuel/examples/puppetsync.pp,0
749,puppet-openstack-integration/manifests/init.pp,0
750,fuel-plugin-nsx-t/deployment_scripts/puppet/manifests/create-repo.pp,0
751,puppet-openstack-cookiecutter/puppet-{{cookiecutter.project_name}}/manifests/init.pp,0
752,fuel-library/deployment/puppet/openstack_tasks/manifests/swift/parts/device_directory.pp,0
753,fuel-plugin-manila/deployment_scripts/puppet/modules/manila_auxiliary/tests/init.pp,0
754,puppet-mistral/tests/init.pp,0
755,puppet-ec2api/tests/init.pp,0
756,fuel-plugin-ci/puppet-manifests/modules/ssh/manifests/authorized_keys.pp,0
757,fuel-plugin-manila/deployment_scripts/puppet/manifests/master.pp,0
758,fuel-plugin-nsx-t/deployment_scripts/puppet/manifests/gem-install.pp,0
759,fuel-library/deployment/puppet/openstack_tasks/examples/murano/murano.pp,0
760,fuel-library/deployment/puppet/osnailyfacter/modular/heat/cfn_keystone.pp,0
761,puppet-monasca/tests/apiserver.pp,0
762,fuel-plugin-datera-cinder/deployment_scripts/puppet/manifests/cinder_datera_driver.pp,0
763,fuel-library/deployment/puppet/osnailyfacter/modular/plugins/plugins_rsync.pp,0
764,puppet-cinder/manifests/backend/netapp.pp,1
765,fuel-library/deployment/puppet/openstack_tasks/manifests/heat/heat.pp,1
766,fuel-library/deployment/puppet/openstack_tasks/manifests/openstack_network/server_config.pp,1
767,fuel-library/deployment/puppet/openstack_tasks/manifests/ceilometer/controller.pp,1
768,puppet-ceph/manifests/init.pp,1
769,fuel-library/deployment/puppet/openstack_tasks/manifests/swift/parts/proxy.pp,1
770,puppet-trove/manifests/conductor.pp,1
771,fuel-library/deployment/puppet/l23network/manifests/l3/ifconfig.pp,1
772,fuel-library/deployment/puppet/openstack_tasks/manifests/aodh/aodh.pp,1
773,puppet-oslo/manifests/db.pp,1
774,puppet-cinder/manifests/backend/rbd.pp,1
775,puppet-zaqar/manifests/init.pp,1
776,puppet-murano/manifests/dashboard.pp,1
777,puppet-neutron/manifests/plugins/ml2/cisco/nexus.pp,1
778,puppet-nova/manifests/db.pp,1
779,puppet-pacemaker/manifests/resource/route.pp,1
780,puppet-pacemaker/manifests/resource/filesystem.pp,1
781,fuel-plugin-lma-infrastructure-alerting/deployment_scripts/puppet/modules/nagios/manifests/service.pp,1
782,puppet-cinder/manifests/backend/emc_vnx.pp,1
783,puppet-tripleo/manifests/profile/base/neutron/midonet.pp,1
784,fuel-library/deployment/puppet/vmware/manifests/ceilometer.pp,1
785,fuel-plugin-influxdb-grafana/deployment_scripts/puppet/modules/lma_monitoring_analytics/manifests/grafana.pp,1
786,fuel-plugin-lma-collector/deployment_scripts/puppet/manifests/aggregator.pp,1
787,puppet-pacemaker/manifests/resource/ip.pp,1
788,puppet-pacemaker/manifests/resource/lsb.pp,1
789,fuel-plugin-ironic/deployment_scripts/puppet/manifests/ironic.pp,1
790,puppet-nova/manifests/compute/vmware.pp,1
791,puppet-nova/manifests/manage/cells.pp,1
792,puppet-heat/manifests/db.pp,1
793,puppet-neutron/manifests/services/fwaas.pp,1
794,fuel-library/deployment/puppet/openstack/manifests/logrotate.pp,1
795,puppet-nova/manifests/network/flatdhcp.pp,1
796,fuel-plugin-lma-collector/deployment_scripts/puppet/modules/lma_collector/manifests/logs/swift.pp,1
797,puppet-gnocchi/manifests/statsd.pp,1
798,puppet-nova/manifests/cron/archive_deleted_rows.pp,1
799,fuel-library/deployment/puppet/fuel/manifests/bootstrap_cli.pp,1
800,puppet-cinder/manifests/type.pp,1
801,puppet-heat/manifests/keystone/domain.pp,1
802,puppet-nova/manifests/manage/network.pp,1
803,fuel-library/deployment/puppet/cluster/manifests/haproxy_ocf.pp,1
804,puppet-gnocchi/manifests/db.pp,1
805,puppet-manila/manifests/type_set.pp,1
806,puppet-tripleo/manifests/profile/pacemaker/database/redis.pp,1
807,fuel-library/deployment/puppet/cluster/manifests/dns_ocf.pp,1
808,fuel-plugin-lma-collector/deployment_scripts/puppet/modules/lma_collector/manifests/collectd/openstack.pp,1
809,fuel-library/deployment/puppet/osnailyfacter/manifests/mysql_access.pp,1
810,puppet-tripleo/manifests/profile/base/ironic.pp,1
811,puppet-nova/manifests/spicehtml5proxy.pp,1
812,puppet-nova/manifests/compute/xenserver.pp,1
813,puppet-neutron/manifests/plugins/ml2/mech_driver.pp,1
814,puppet-keystone/examples/apache_with_paths.pp,1
815,puppet-tripleo/manifests/profile/base/ceph/osd.pp,1
816,fuel-library/deployment/puppet/osnailyfacter/manifests/apache_mpm.pp,1
817,puppet-tripleo/manifests/profile/base/ceph/mon.pp,1
818,puppet-nova/manifests/compute/neutron.pp,1
819,puppet-tripleo/manifests/profile/base/mistral/api.pp,1
820,fuel-library/deployment/puppet/l23network/manifests/l3/defaultroute.pp,1
821,puppet-glance/manifests/policy.pp,1
822,puppet-designate/manifests/backend/bind9.pp,1
823,fuel-plugin-influxdb-grafana/deployment_scripts/puppet/modules/lma_monitoring_analytics/manifests/influxdb_user.pp,1
824,puppet-tripleo/manifests/profile/base/neutron/plugins/opencontrail.pp,1
825,fuel-plugin-elasticsearch-kibana/deployment_scripts/puppet/manifests/enable_quorum.pp,1
826,puppet-ironic/manifests/client.pp,1
827,fuel-library/deployment/puppet/l23network/manifests/l3/route.pp,1
828,fuel-plugin-lma-collector/deployment_scripts/puppet/modules/heka/manifests/output/tcp.pp,1
829,fuel-plugin-lma-collector/deployment_scripts/puppet/modules/heka/manifests/input/logstreamer.pp,1
830,puppet-tripleo/manifests/profile/base/aodh/evaluator.pp,1
831,packstack/packstack/puppet/modules/packstack/manifests/neutron/bridge.pp,1
832,puppet-nova/manifests/cert.pp,1
833,fuel-plugin-lma-collector/deployment_scripts/puppet/modules/heka/manifests/encoder/es_json.pp,1
834,puppet-neutron/manifests/db/sync.pp,1
835,fuel-plugin-opendaylight/deployment_scripts/puppet/modules/opendaylight/manifests/service.pp,1
836,fuel-library/deployment/puppet/fuel/manifests/nginx/repo.pp,1
837,puppet-swift/manifests/ringbuilder/rebalance.pp,1
838,puppet-qdr/examples/site.pp,1
839,puppet-cinder/manifests/client.pp,1
840,fuel-library/deployment/puppet/openstack_tasks/manifests/keystone/workloads_collector_remove.pp,1
841,fuel-plugin-mellanox/deployment_scripts/puppet/modules/mellanox_openstack/manifests/cinder_iser.pp,1
842,puppet-mistral/manifests/client.pp,1
843,fuel-library/deployment/puppet/osnailyfacter/modular/swift/swift.pp,1
844,fuel-plugin-mellanox/deployment_scripts/puppet/modules/mellanox_openstack/manifests/controller_ib_pv.pp,1
845,puppet-neutron/manifests/plugins/ovs/bridge.pp,1
846,fuel-library/deployment/puppet/osnailyfacter/modular/heat/heat.pp,1
847,fuel-library/deployment/puppet/osnailyfacter/modular/glance/db.pp,1
848,puppet-midonet/manifests/cluster.pp,0
849,puppet-cinder/manifests/backend/vmdk.pp,0
850,puppet-pacemaker/manifests/resource/ocf.pp,0
851,puppet-midonet/manifests/gateway/static.pp,0
852,fuel-plugin-lma-infrastructure-alerting/deployment_scripts/puppet/modules/lma_infra_alerting/manifests/nagios/contact.pp,0
853,puppet-neutron/manifests/plugins/ml2/cisco/nexus1000v.pp,0
854,fuel-plugin-lma-infrastructure-alerting/deployment_scripts/puppet/modules/nagios/manifests/host.pp,0
855,puppet-tripleo/manifests/selinux.pp,0
856,puppet-nova/manifests/compute/ironic.pp,0
857,fuel-plugin-lma-collector/deployment_scripts/puppet/modules/lma_collector/manifests/influxdb.pp,0
858,fuel-plugin-midonet/deployment_scripts/puppet/manifests/midonet-define-repositories.pp,0
859,puppet-barbican/manifests/plugins/dogtag.pp,0
860,puppet-tripleo/manifests/profile/base/ceph.pp,0
861,fuel-plugin-ironic/deployment_scripts/puppet/manifests/vips.pp,0
862,puppet-nova/manifests/network/vlan.pp,0
863,puppet-nova/manifests/deps.pp,0
864,puppet-pacemaker/manifests/constraint/colocation.pp,0
865,puppet-designate/manifests/pool_target.pp,0
866,puppet-tripleo/manifests/pacemaker/haproxy_with_vip.pp,0
867,puppet-neutron/manifests/services/vpnaas.pp,0
868,fuel-library/deployment/puppet/fuel/manifests/mcollective.pp,0
869,puppet-tripleo/manifests/profile/base/ceph/rgw.pp,0
870,fuel-plugin-plumgrid/deployment_scripts/puppet/modules/plumgrid/manifests/repo.pp,0
871,puppet-pacemaker/manifests/constraint/location.pp,0
872,puppet-tripleo/manifests/profile/pacemaker/apache.pp,0
873,fuel-plugin-lma-collector/deployment_scripts/puppet/modules/lma_collector/manifests/collectd/mysql.pp,0
874,puppet-swift/manifests/ringbuilder/create.pp,0
875,fuel-plugin-external-zabbix/deployment_scripts/puppet/manifests/configure_apt.pp,0
876,fuel-library/deployment/puppet/osnailyfacter/manifests/netconfig/hiera_default_route.pp,0
877,puppet-ceph/manifests/mds.pp,0
878,puppet-tripleo/manifests/profile/base/horizon.pp,0
879,puppet-neutron/manifests/plugins/ml2/opendaylight.pp,0
880,fuel-plugin-external-zabbix/deployment_scripts/puppet/modules/plugin_zabbix/manifests/monitoring/firewall_mon.pp,0
881,puppet-tripleo/manifests/profile/pacemaker/heat/api_cfn.pp,0
882,fuel-plugin-elasticsearch-kibana/deployment_scripts/puppet/manifests/kibana_index_configuration.pp,0
883,fuel-plugin-nsx-t/deployment_scripts/puppet/manifests/compute-vmware-nova-config.pp,0
884,fuel-plugin-external-zabbix/deployment_scripts/puppet/modules/plugin_zabbix/manifests/agent/userparameter.pp,0
885,fuel-plugin-lma-collector/deployment_scripts/puppet/modules/heka/manifests/output/http.pp,0
886,puppet-trove/manifests/client.pp,0
887,puppet-nova/manifests/objectstore.pp,0
888,fuel-plugin-lma-collector/deployment_scripts/puppet/modules/heka/manifests/output/smtp.pp,0
889,puppet-swift/manifests/auth_file.pp,0
890,puppet-tripleo/manifests/profile/base/neutron/sriov.pp,0
891,fuel-plugin-external-zabbix/deployment_scripts/puppet/modules/plugin_zabbix/manifests/monitoring/horizon_mon.pp,0
892,fuel-plugin-influxdb-grafana/deployment_scripts/puppet/manifests/enable_quorum.pp,0
893,fuel-plugin-lma-infrastructure-alerting/deployment_scripts/puppet/manifests/enable_quorum.pp,0
894,fuel-plugin-lma-collector/deployment_scripts/puppet/modules/heka/manifests/input/amqp.pp,0
895,fuel-plugin-lma-collector/deployment_scripts/puppet/modules/lma_collector/manifests/notifications/metrics.pp,0
896,fuel-plugin-contrail/deployment_scripts/puppet/manifests/common-repo.pp,0
897,puppet-tripleo/manifests/profile/base/neutron/opencontrail/vrouter.pp,0
898,fuel-plugin-lma-collector/deployment_scripts/puppet/modules/lma_collector/manifests/logs/counter.pp,0
899,puppet-nova/manifests/consoleauth.pp,0
900,fuel-library/deployment/puppet/osnailyfacter/manifests/ntp/ntp_client.pp,0
901,fuel-plugin-lma-collector/deployment_scripts/puppet/modules/lma_collector/manifests/afd/api.pp,0
902,puppet-tripleo/manifests/profile/base/gnocchi/metricd.pp,0
903,puppet-tripleo/manifests/profile/base/neutron/dhcp.pp,0
904,fuel-plugin-influxdb-grafana/deployment_scripts/puppet/modules/influxdb/manifests/install.pp,0
905,puppet-tripleo/manifests/profile/base/heat/api.pp,0
906,fuel-plugin-lma-collector/deployment_scripts/puppet/modules/lma_collector/manifests/collectd/python.pp,0
907,fuel-plugin-lma-collector/deployment_scripts/puppet/modules/heka/manifests/encoder/sandbox.pp,0
908,fuel-plugin-contrail/deployment_scripts/puppet/modules/contrail/manifests/create_network.pp,0
909,puppet-tripleo/manifests/profile/base/ceph/client.pp,0
910,puppet-glance/manifests/db/sync.pp,0
911,puppet-tripleo/manifests/profile/base/nova/conductor.pp,0
912,puppet-tripleo/manifests/profile/base/nova/consoleauth.pp,0
913,puppet-tripleo/manifests/profile/base/nova/vncproxy.pp,0
914,fuel-plugin-lma-collector/deployment_scripts/puppet/modules/heka/manifests/decoder/scribbler.pp,0
915,fuel-plugin-bigswitch/deployment_scripts/puppet/manifests/reconfigure-keystone.pp,0
916,puppet-heat/manifests/db/sync.pp,0
917,puppet-nova/manifests/db/sync.pp,0
918,puppet-designate/manifests/client.pp,0
919,fuel-library/deployment/puppet/osnailyfacter/manifests/acpid.pp,0
920,fuel-plugin-bigswitch/deployment_scripts/puppet/manifests/common-repo.pp,0
921,fuel-library/deployment/puppet/fuel/manifests/nailgun/client.pp,0
922,fuel-library/deployment/puppet/openstack_tasks/manifests/roles/allocate_hugepages.pp,0
923,fuel-plugin-ironic/deployment_scripts/puppet/manifests/baremetal-firewall.pp,0
924,fuel-plugin-contrail/deployment_scripts/puppet/manifests/controller-hiera-post.pp,0
925,fuel-plugin-ceilometer-redis/deployment_scripts/puppet/manifests/create_redis_ocf.pp,0
926,puppet-vitrage/manifests/client.pp,0
927,puppet-manila/manifests/client.pp,0
928,puppet-nova/manifests/client.pp,0
929,fuel-plugin-contrail/deployment_scripts/puppet/upgrade/upgrade-contrail-analytics.pp,0
930,fuel-plugin-bigswitch/deployment_scripts/puppet/manifests/compute-network-config.pp,0
931,fuel-plugin-nsx-t/deployment_scripts/puppet/manifests/compute-nova-config.pp,0
932,puppet-nova/manifests/manage/floating.pp,0
933,fuel-library/deployment/puppet/osnailyfacter/modular/openstack-controller/db.pp,0
934,fuel-library/deployment/puppet/osnailyfacter/modular/keystone/db.pp,0
935,fuel-library/deployment/puppet/osnailyfacter/modular/ironic/db.pp,0
936,fuel-library/deployment/puppet/osnailyfacter/modular/aodh/db.pp,0
937,puppet-keystone/manifests/ldap.pp,1
938,fuel-library/deployment/puppet/openstack_tasks/manifests/openstack_controller/openstack_controller.pp,1
939,puppet-aodh/manifests/init.pp,1
940,fuel-library/deployment/puppet/openstack_tasks/manifests/glance/glance.pp,1
941,puppet-nova/manifests/cells.pp,1
942,puppet-nova/manifests/migration/libvirt.pp,1
943,fuel-library/deployment/puppet/cluster/manifests/virtual_ip.pp,1
944,puppet-trove/manifests/guestagent.pp,1
945,puppet-nova/manifests/network.pp,1
946,fuel-library/deployment/puppet/openstack_tasks/manifests/horizon/horizon.pp,1
947,puppet-oslo/manifests/cache.pp,1
948,puppet-tripleo/manifests/profile/base/logging/fluentd.pp,1
949,fuel-library/deployment/puppet/openstack_tasks/manifests/ironic/ironic_compute.pp,1
950,fuel-library/deployment/puppet/openstack_tasks/manifests/openstack_network/plugins/ml2.pp,1
951,fuel-library/deployment/puppet/openstack_tasks/manifests/murano/murano.pp,1
952,puppet-heat/manifests/keystone/auth.pp,1
953,fuel-library/deployment/puppet/cluster/manifests/haproxy.pp,1
954,puppet-openstack-integration/manifests/tempest.pp,1
955,puppet-designate/manifests/pool_manager.pp,1
956,fuel-library/deployment/puppet/vmware/manifests/ceilometer/compute_vmware.pp,1
957,puppet-keystone/manifests/federation/shibboleth.pp,1
958,puppet-pacemaker/manifests/new.pp,1
959,puppet-designate/manifests/db.pp,1
960,fuel-plugin-lma-infrastructure-alerting/deployment_scripts/puppet/modules/lma_infra_alerting/manifests/nagios/hosts.pp,1
961,puppet-ceilometer/manifests/collector.pp,1
962,puppet-tripleo/manifests/profile/base/pacemaker.pp,1
963,puppet-keystone/manifests/cron/token_flush.pp,1
964,fuel-plugin-influxdb-grafana/deployment_scripts/puppet/manifests/grafana_configuration.pp,1
965,fuel-library/deployment/puppet/haproxy/manifests/base.pp,1
966,fuel-plugin-midonet/deployment_scripts/puppet/manifests/midonet-install-agent.pp,1
967,fuel-library/deployment/puppet/cluster/manifests/galera_status.pp,1
968,puppet-gnocchi/manifests/init.pp,1
969,fuel-library/deployment/puppet/osnailyfacter/manifests/tools/tools.pp,1
970,packstack/packstack/puppet/modules/packstack/manifests/nova/compute/libvirt.pp,1
971,puppet-ceilometer/manifests/agent/compute.pp,1
972,puppet-openstack-integration/manifests/repos.pp,1
973,puppet-monasca/manifests/influxdb/bootstrap.pp,1
974,fuel-plugin-influxdb-grafana/deployment_scripts/puppet/manifests/grafana_mysql.pp,1
975,fuel-library/deployment/puppet/cobbler/examples/site.pp,1
976,puppet-nova/manifests/vncproxy.pp,1
977,puppet-tripleo/manifests/profile/base/glance/api.pp,1
978,fuel-plugin-ironic/deployment_scripts/puppet/manifests/network-conductor.pp,1
979,puppet-nova/manifests/conductor.pp,1
980,fuel-library/deployment/puppet/osnailyfacter/manifests/dnsmasq.pp,1
981,puppet-tripleo/manifests/host/sriov/numvfs_persistence.pp,1
982,fuel-plugin-lma-collector/deployment_scripts/puppet/modules/lma_collector/manifests/elasticsearch.pp,1
983,fuel-plugin-contrail/deployment_scripts/puppet/modules/contrail/manifests/package.pp,1
984,puppet-nova/manifests/scheduler.pp,1
985,fuel-plugin-lma-collector/deployment_scripts/puppet/modules/lma_collector/manifests/logs/pacemaker.pp,1
986,puppet-swift/manifests/proxy/swift3.pp,1
987,fuel-plugin-lma-collector/deployment_scripts/puppet/modules/lma_collector/manifests/logs/ovs.pp,1
988,puppet-swift/manifests/proxy/swauth.pp,1
989,fuel-library/deployment/puppet/openstack_tasks/manifests/roles/enable_compute.pp,1
990,fuel-library/deployment/puppet/openstack/manifests/clocksync.pp,1
991,fuel-plugin-6wind-virtual-accelerator/deployment_scripts/puppet/modules/virtual_accelerator/manifests/neutron_conf.pp,1
992,fuel-library/deployment/puppet/sysfs/manifests/install.pp,1
993,fuel-library/deployment/puppet/cluster/manifests/haproxy/rsyslog.pp,1
994,puppet-neutron/manifests/client.pp,1
995,fuel-plugin-bigswitch/deployment_scripts/puppet/manifests/compute-config.pp,1
996,puppet-glance/manifests/client.pp,1
997,fuel-library/deployment/puppet/umm/manifests/init.pp,1
998,fuel-library/deployment/puppet/osnailyfacter/modular/murano/db.pp,1
999,puppet-nova/spec/fixtures/manifests/site.pp,1
1000,puppet-octavia/manifests/init.pp,0
1001,puppet-midonet/manifests/mem.pp,0
1002,puppet-swift/manifests/objectexpirer.pp,0
1003,puppet-keystone/manifests/service.pp,0
1004,puppet-mistral/manifests/engine.pp,0
1005,fuel-plugin-murano/deployment_scripts/manifests/murano_hiera_override.pp,0
1006,puppet-glance/manifests/backend/rbd.pp,0
1007,fuel-plugin-elasticsearch-kibana/deployment_scripts/puppet/modules/lma_logging_analytics/manifests/elasticsearch.pp,0
1008,puppet-manila/manifests/type.pp,0
1009,puppet-tripleo/manifests/certmonger/haproxy.pp,0
1010,puppet-midonet/manifests/cli.pp,0
1011,fuel-plugin-lma-collector/deployment_scripts/puppet/modules/lma_collector/manifests/collectd/dbi_services.pp,0
1012,puppet-ceilometer/manifests/agent/central.pp,0
1013,fuel-plugin-external-zabbix/deployment_scripts/puppet/modules/plugin_zabbix/manifests/monitoring/rabbitmq_mon.pp,0
1014,puppet-tripleo/manifests/profile/pacemaker/cinder/api.pp,0
1015,puppet-tripleo/manifests/profile/pacemaker/memcached.pp,0
1016,puppet-aodh/manifests/evaluator.pp,0
1017,fuel-plugin-contrail/deployment_scripts/puppet/modules/contrail/manifests/provision/controller.pp,0
1018,puppet-pacemaker/manifests/init.pp,0
1019,fuel-plugin-lma-collector/deployment_scripts/puppet/modules/lma_collector/manifests/collectd/pacemaker.pp,0
1020,puppet-manila/manifests/backend/glusternative.pp,0
1021,puppet-glance/manifests/cache/pruner.pp,0
1022,puppet-tripleo/manifests/profile/base/aodh/api.pp,0
1023,puppet-tripleo/manifests/profile/base/sahara/engine.pp,0
1024,puppet-vitrage/manifests/notifier.pp,0
1025,fuel-plugin-lma-collector/deployment_scripts/puppet/modules/lma_collector/manifests/logs/rabbitmq.pp,0
1026,fuel-library/deployment/puppet/osnailyfacter/manifests/ceph_nova_compute.pp,0
1027,fuel-library/deployment/puppet/openstack/manifests/workloads_collector.pp,0
1028,fuel-plugin-6wind-virtual-accelerator/deployment_scripts/puppet/manifests/6wind_repo.pp,0
1029,puppet-tripleo/manifests/profile/pacemaker/gnocchi/metricd.pp,0
1030,puppet-midonet/manifests/cluster/install.pp,0
1031,fuel-plugin-lma-collector/deployment_scripts/puppet/modules/lma_collector/manifests/logs/system.pp,0
1032,fuel-plugin-lma-collector/deployment_scripts/puppet/modules/lma_collector/manifests/collectd/dbi_mysql_status.pp,0
1033,puppet-zaqar/manifests/server.pp,0
1034,fuel-plugin-purestorage-cinder/deployment_scripts/puppet/modules/plugin_purestorage_cinder/manifests/compute.pp,0
1035,puppet-tripleo/manifests/profile/base/ceilometer/api.pp,0
1036,fuel-plugin-plumgrid/deployment_scripts/puppet/manifests/pre_deployment.pp,0
1037,puppet-tripleo/manifests/network/os_net_config.pp,0
1038,puppet-tripleo/manifests/profile/base/nova/compute/ironic.pp,0
1039,puppet-tripleo/manifests/profile/base/nova/scheduler.pp,0
1040,fuel-library/deployment/puppet/openstack/manifests/img/cirros.pp,0
1041,puppet-tripleo/manifests/profile/pacemaker/gnocchi/api.pp,0
1042,puppet-neutron/manifests/plugins/ml2/bigswitch.pp,0
1043,fuel-plugin-bigswitch/deployment_scripts/puppet/manifests/openstack-cleanup.pp,0
1044,puppet-keystone/manifests/client.pp,0
1045,puppet-swift/manifests/client.pp,0
1046,puppet-heat/manifests/client.pp,0
1047,fuel-plugin-bigswitch/deployment_scripts/puppet/manifests/restart-cluster-services.pp,0
1048,fuel-plugin-contrail/deployment_scripts/puppet/upgrade/upgrade-contrail-compute.pp,0
1049,fuel-library/deployment/puppet/osnailyfacter/modular/sahara/db.pp,0
1050,puppet-keystone/manifests/ldap_backend.pp,1
1051,puppet-cinder/manifests/init.pp,1
1052,fuel-library/deployment/puppet/openstack_tasks/manifests/openstack_cinder/openstack_cinder.pp,1
1053,puppet-mistral/manifests/init.pp,1
1054,puppet-pacemaker/manifests/stonith/fence_xvm.pp,1
1055,puppet-swift/manifests/storage/server.pp,1
1056,puppet-nova/manifests/network/neutron.pp,1
1057,puppet-designate/manifests/init.pp,1
1058,puppet-tripleo/manifests/profile/pacemaker/manila.pp,1
1059,fuel-library/deployment/puppet/vmware/manifests/compute/ha.pp,1
1060,fuel-library/deployment/puppet/vmware/manifests/ceilometer/ha.pp,1
1061,fuel-plugin-influxdb-grafana/deployment_scripts/puppet/manifests/cluster-haproxy.pp,1
1062,fuel-plugin-elasticsearch-kibana/deployment_scripts/puppet/manifests/cluster-haproxy.pp,1
1063,puppet-neutron/manifests/agents/l3.pp,1
1064,puppet-neutron/manifests/agents/dhcp.pp,1
1065,puppet-ceph/manifests/key.pp,1
1066,fuel-plugin-lma-infrastructure-alerting/deployment_scripts/puppet/manifests/hiera.pp,1
1067,puppet-keystone/manifests/federation/identity_provider.pp,1
1068,puppet-swift/manifests/proxy/authtoken.pp,1
1069,puppet-pacemaker/manifests/stonith/fence_kdump.pp,1
1070,fuel-library/deployment/puppet/cluster/manifests/mysql.pp,1
1071,puppet-ceilometer/manifests/agent/notification.pp,1
1072,fuel-plugin-scaleio/deployment_scripts/puppet/manifests/sds_server.pp,1
1073,puppet-neutron/manifests/agents/lbaas.pp,1
1074,puppet-keystone/manifests/federation/mellon.pp,1
1075,fuel-library/deployment/puppet/openstack_tasks/manifests/sahara/create_templates.pp,1
1076,puppet-neutron/manifests/agents/metering.pp,1
1077,puppet-neutron/manifests/services/lbaas.pp,1
1078,fuel-library/deployment/puppet/openstack_tasks/manifests/roles/mongo.pp,1
1079,puppet-midonet/manifests/repository/ubuntu.pp,1
1080,fuel-library/deployment/puppet/fuel/manifests/astute.pp,1
1081,fuel-library/deployment/puppet/openstack/manifests/corosync.pp,1
1082,fuel-library/deployment/puppet/osnailyfacter/manifests/apache.pp,1
1083,puppet-trove/manifests/generic_service.pp,1
1084,puppet-tripleo/manifests/profile/base/heat.pp,1
1085,fuel-plugin-opendaylight/deployment_scripts/puppet/manifests/odl-ml2-configuration.pp,1
1086,puppet-midonet/manifests/init.pp,1
1087,puppet-cinder/manifests/volume.pp,1
1088,puppet-neutron/manifests/plugins/nvp.pp,1
1089,fuel-plugin-lma-collector/deployment_scripts/puppet/modules/lma_collector/manifests/gse_cluster_filter.pp,1
1090,puppet-nova/manifests/generic_service.pp,1
1091,puppet-cinder/manifests/scheduler.pp,1
1092,puppet-swift/manifests/storage/account.pp,1
1093,fuel-plugin-contrail/deployment_scripts/puppet/modules/contrail/manifests/provision/compute.pp,1
1094,fuel-plugin-elasticsearch-kibana/deployment_scripts/puppet/manifests/elasticsearch.pp,1
1095,fuel-plugin-lma-collector/deployment_scripts/puppet/modules/lma_collector/manifests/afd_filter.pp,1
1096,fuel-library/deployment/puppet/osnailyfacter/manifests/resolvconf.pp,1
1097,fuel-plugin-elasticsearch-kibana/deployment_scripts/puppet/modules/lma_logging_analytics/manifests/curator.pp,1
1098,fuel-library/deployment/puppet/fuel/manifests/nginx/services.pp,1
1099,fuel-plugin-contrail/deployment_scripts/puppet/modules/contrail/manifests/compute/nova.pp,1
1100,fuel-library/deployment/puppet/openstack_tasks/manifests/swift/parts/rebalance_cronjob.pp,1
1101,puppet-swift/manifests/keystone/dispersion.pp,1
1102,fuel-library/deployment/puppet/fuel/examples/hiera.pp,1
1103,fuel-plugin-influxdb-grafana/deployment_scripts/puppet/manifests/influxdb.pp,1
1104,puppet-keystone/manifests/disable_admin_token_auth.pp,1
1105,fuel-plugin-lma-collector/deployment_scripts/puppet/modules/lma_collector/manifests/logs/openstack.pp,1
1106,puppet-tripleo/manifests/profile/pacemaker/ceilometer/api.pp,1
1107,fuel-plugin-lma-collector/deployment_scripts/puppet/modules/lma_collector/manifests/collectd/python_base.pp,1
1108,fuel-library/deployment/puppet/osnailyfacter/manifests/astute/service_token_off.pp,1
1109,puppet-qdr/manifests/config.pp,1
1110,fuel-plugin-mellanox/deployment_scripts/puppet/modules/mellanox_openstack/manifests/configure_qos.pp,1
1111,fuel-plugin-lma-collector/deployment_scripts/puppet/modules/lma_collector/manifests/collectd/python_openstack_base.pp,1
1112,puppet-glance/manifests/init.pp,1
1113,fuel-library/deployment/puppet/l23network/manifests/l2/centos_upndown_scripts.pp,1
1114,fuel-plugin-opendaylight/deployment_scripts/puppet/modules/opendaylight/manifests/quagga.pp,1
1115,puppet-swift/manifests/proxy/ceilometer.pp,0
1116,puppet-watcher/manifests/decision_engine.pp,0
1117,puppet-cinder/manifests/backup.pp,0
1118,puppet-tripleo/manifests/profile/base/haproxy.pp,0
1119,puppet-watcher/manifests/applier.pp,0
1120,puppet-neutron/manifests/plugins/ovs/opendaylight.pp,0
1121,fuel-plugin-6wind-virtual-accelerator/deployment_scripts/puppet/modules/virtual_accelerator/manifests/config.pp,0
1122,fuel-plugin-contrail/deployment_scripts/puppet/modules/contrail/manifests/controller/aggregate.pp,0
1123,puppet-tripleo/manifests/profile/base/neutron/server.pp,0
1124,fuel-plugin-ci/puppet-manifests/manifests/init.pp,0
1125,puppet-sahara/manifests/service/engine.pp,0
1126,puppet-tripleo/manifests/profile/base/database/mongodb.pp,0
1127,puppet-tripleo/manifests/profile/base/swift/storage.pp,0
1128,puppet-tripleo/manifests/profile/base/trove/api.pp,0
1129,puppet-zaqar/manifests/server_instance.pp,0
1130,fuel-plugin-6wind-virtual-accelerator/deployment_scripts/puppet/modules/virtual_accelerator/manifests/install.pp,0
1131,fuel-library/deployment/puppet/openstack_tasks/manifests/roles/controller.pp,0
1132,fuel-plugin-lma-collector/deployment_scripts/puppet/modules/lma_collector/manifests/collectd/dbi.pp,0
1133,fuel-library/deployment/puppet/cgroups/manifests/service.pp,0
1134,puppet-neutron/manifests/init.pp,1
1135,fuel-library/deployment/puppet/osnailyfacter/manifests/globals/globals.pp,1
1136,puppet-ceilometer/manifests/init.pp,1
1137,puppet-swift/manifests/proxy.pp,1
1138,fuel-library/deployment/puppet/osnailyfacter/manifests/rabbitmq/rabbitmq.pp,1
1139,puppet-neutron/manifests/plugins/cisco.pp,1
1140,fuel-library/deployment/puppet/l23network/manifests/l2/port.pp,1
1141,puppet-heat/manifests/engine.pp,1
1142,puppet-neutron/manifests/plugins/midonet.pp,1
1143,fuel-plugin-murano/deployment_scripts/manifests/murano.pp,1
1144,puppet-neutron/manifests/agents/vpnaas.pp,1
1145,puppet-neutron/manifests/agents/metadata.pp,1
1146,fuel-plugin-lma-collector/deployment_scripts/puppet/modules/lma_collector/manifests/heka.pp,1
1147,puppet-magnum/manifests/init.pp,1
1148,puppet-neutron/manifests/agents/ml2/sriov.pp,1
1149,fuel-library/deployment/puppet/osnailyfacter/manifests/atop.pp,1
1150,puppet-swift/manifests/dispersion.pp,1
1151,puppet-neutron/manifests/plugins/ml2/cisco/nexus_creds.pp,1
1152,fuel-library/deployment/puppet/osnailyfacter/manifests/ceph/ceph_pools.pp,1
1153,puppet-openstack-integration/manifests/heat.pp,1
1154,puppet-murano/manifests/cfapi.pp,1
1155,puppet-openstack-integration/manifests/trove.pp,1
1156,fuel-library/deployment/puppet/fuel/manifests/auxiliaryrepos.pp,1
1157,fuel-plugin-mellanox/deployment_scripts/puppet/modules/mellanox_openstack/manifests/controller_sriov.pp,1
1158,fuel-library/deployment/puppet/osnailyfacter/manifests/upgrade/pkg_upgrade.pp,1
1159,fuel-plugin-midonet/deployment_scripts/puppet/manifests/midonet-gateway-bgp.pp,1
1160,fuel-plugin-lma-collector/deployment_scripts/puppet/modules/lma_collector/manifests/afd_nagios.pp,1
1161,fuel-plugin-lma-collector/deployment_scripts/puppet/modules/lma_collector/manifests/logs/libvirt.pp,1
1162,puppet-openstack-integration/manifests/provision.pp,1
1163,fuel-plugin-external-zabbix/deployment_scripts/puppet/modules/plugin_zabbix/manifests/monitoring/mysql_mon.pp,1
1164,puppet-tripleo/manifests/profile/base/cinder/api.pp,1
1165,puppet-midonet/manifests/analytics.pp,0
1166,fuel-library/deployment/puppet/l23network/manifests/l2/bridge.pp,0
1167,puppet-octavia/manifests/api.pp,0
1168,fuel-library/deployment/puppet/osnailyfacter/manifests/ssl/ssl_keys_saving.pp,0
1169,fuel-plugin-opendaylight/deployment_scripts/puppet/modules/opendaylight/manifests/install.pp,0
1170,puppet-ec2api/manifests/init.pp,0
1171,puppet-murano/manifests/engine.pp,0
1172,puppet-rally/manifests/init.pp,0
1173,puppet-tripleo/manifests/profile/base/nova/api.pp,0
1174,fuel-plugin-contrail/deployment_scripts/puppet/modules/contrail/manifests/webui.pp,0
1175,puppet-midonet/manifests/agent/scrapper.pp,0
1176,solar-resources/resources/neutron_plugins_ml2_puppet/1.0.0/actions/run.pp,0
1177,puppet-tripleo/manifests/profile/base/nova/libvirt.pp,0
1178,puppet-tripleo/manifests/profile/pacemaker/neutron/server.pp,0
1179,puppet-designate/example/all-in-one-noauth.pp,0
1180,puppet-monasca/manifests/init.pp,0
1181,puppet-heat/manifests/init.pp,1
1182,fuel-library/deployment/puppet/osnailyfacter/manifests/firewall/firewall.pp,1
1183,puppet-sahara/manifests/init.pp,1
1184,puppet-ironic/manifests/init.pp,1
1185,fuel-library/deployment/puppet/openstack_tasks/manifests/roles/cinder.pp,1
1186,puppet-neutron/manifests/plugins/ml2.pp,1
1187,puppet-manila/manifests/api.pp,1
1188,fuel-plugin-elasticsearch-kibana/deployment_scripts/puppet/manifests/hiera_override.pp,1
1189,puppet-ironic/manifests/bifrost.pp,1
1190,puppet-ironic/manifests/conductor.pp,1
1191,fuel-plugin-influxdb-grafana/deployment_scripts/puppet/manifests/hiera.pp,1
1192,puppet-ceph/manifests/osd.pp,1
1193,puppet-neutron/manifests/plugins/plumgrid.pp,1
1194,puppet-ceph/manifests/rgw/keystone.pp,1
1195,fuel-library/deployment/puppet/vmware/manifests/compute_vmware.pp,1
1196,fuel-library/deployment/puppet/l23network/manifests/init.pp,1
1197,fuel-library/deployment/puppet/vmware/manifests/controller.pp,1
1198,puppet-openstack-integration/manifests/nova.pp,1
1199,fuel-plugin-lma-infrastructure-alerting/deployment_scripts/puppet/modules/nagios/manifests/contact.pp,1
1200,fuel-library/deployment/puppet/vmware/manifests/network/nova.pp,1
1201,puppet-tripleo/manifests/profile/pacemaker/glance.pp,1
1202,puppet-pacemaker/manifests/property.pp,1
1203,puppet-openstack-integration/manifests/keystone.pp,1
1204,fuel-library/deployment/puppet/osnailyfacter/manifests/ceph/radosgw.pp,1
1205,puppet-neutron/manifests/plugins/opencontrail.pp,1
1206,puppet-mistral/manifests/api.pp,1
1207,puppet-heat/manifests/api_cfn.pp,1
1208,fuel-plugin-lma-infrastructure-alerting/deployment_scripts/puppet/modules/lma_infra_alerting/manifests/nagios.pp,1
1209,puppet-heat/manifests/api.pp,1
1210,puppet-swift/tests/all.pp,1
1211,puppet-openstack-integration/manifests/aodh.pp,1
1212,puppet-openstack-integration/manifests/ceilometer.pp,1
1213,puppet-tripleo/manifests/profile/pacemaker/keystone.pp,1
1214,fuel-library/deployment/puppet/cobbler/manifests/nat.pp,1
1215,fuel-library/deployment/puppet/cobbler/manifests/packages.pp,1
1216,puppet-openstack-integration/manifests/ironic.pp,1
1217,fuel-plugin-mellanox/deployment_scripts/puppet/modules/mellanox_openstack/manifests/agent.pp,1
1218,fuel-plugin-scaleio/deployment_scripts/puppet/manifests/glance.pp,1
1219,puppet-cinder/manifests/setup_test_volume.pp,1
1220,puppet-qdr/manifests/install.pp,1
1221,puppet-tripleo/manifests/profile/pacemaker/haproxy.pp,0
1222,puppet-magnum/manifests/api.pp,0
1223,puppet-monasca/manifests/persister/config.pp,0
1224,puppet-swift/manifests/storage/container.pp,0
1225,puppet-neutron/manifests/agents/bigswitch.pp,0
1226,puppet-tripleo/manifests/profile/base/nova/compute.pp,0
1227,fuel-plugin-manila/deployment_scripts/puppet/modules/manila_auxiliary/manifests/fs.pp,0
1228,fuel-plugin-6wind-virtual-accelerator/deployment_scripts/puppet/modules/virtual_accelerator/manifests/service.pp,0
1229,fuel-plugin-murano/deployment_scripts/manifests/murano_dashboard.pp,0
1230,puppet-murano/manifests/init.pp,1
1231,puppet-trove/manifests/init.pp,1
1232,fuel-library/deployment/puppet/osnailyfacter/manifests/database/database.pp,1
1233,puppet-swift/tests/site.pp,1
1234,puppet-trove/manifests/taskmanager.pp,1
1235,fuel-library/deployment/puppet/fuel/examples/host.pp,1
1236,puppet-ironic/manifests/api.pp,1
1237,fuel-library/deployment/puppet/l23network/manifests/l2/patch.pp,1
1238,puppet-midonet/manifests/mem/vhost.pp,1
1239,fuel-library/deployment/puppet/l23network/manifests/l2.pp,1
1240,puppet-openstack-integration/manifests/cinder.pp,1
1241,puppet-openstack-integration/manifests/glance.pp,1
1242,puppet-ceph/manifests/pool.pp,1
1243,fuel-library/deployment/puppet/osnailyfacter/manifests/netconfig/netconfig.pp,1
1244,puppet-neutron/manifests/plugins/nuage.pp,1
1245,fuel-library/deployment/puppet/openstack_tasks/manifests/openstack_network/compute_nova.pp,1
1246,fuel-plugin-contrail/deployment_scripts/puppet/modules/contrail/manifests/provision/control.pp,1
1247,puppet-tripleo/manifests/profile/pacemaker/nova/consoleauth.pp,1
1248,puppet-openstack-integration/manifests/sahara.pp,1
1249,fuel-plugin-mellanox/deployment_scripts/puppet/modules/mellanox_openstack/manifests/compute_sriov.pp,1
1250,fuel-plugin-midonet/deployment_scripts/puppet/manifests/midonet-nsdb.pp,1
1251,fuel-plugin-external-zabbix/deployment_scripts/puppet/modules/plugin_zabbix/manifests/db/mysql.pp,1
1252,puppet-watcher/manifests/init.pp,0
1253,fuel-plugin-elasticsearch-kibana/deployment_scripts/puppet/modules/lma_logging_analytics/manifests/kibana_authentication.pp,0
1254,fuel-plugin-external-zabbix/deployment_scripts/puppet/modules/plugin_zabbix/manifests/agent.pp,0
1255,puppet-monasca/manifests/persister.pp,0
1256,puppet-midonet/manifests/agent/run.pp,0
1257,puppet-tripleo/manifests/profile/pacemaker/neutron/midonet.pp,0
1258,fuel-plugin-ci/puppet-manifests/modules/fuel_project/manifests/devops_tools/lpupdatebug.pp,0
1259,fuel-plugin-manila/deployment_scripts/puppet/manifests/install.pp,0
1260,fuel-library/deployment/puppet/openstack_tasks/manifests/keystone/keystone.pp,1
1261,fuel-plugin-lma-collector/deployment_scripts/puppet/manifests/controller.pp,1
1262,fuel-library/deployment/puppet/l23network/manifests/l2/bond.pp,1
1263,fuel-library/deployment/puppet/openstack/manifests/cinder.pp,1
1264,fuel-plugin-ceilometer-redis/deployment_scripts/puppet/modules/redis/manifests/main.pp,1
1265,puppet-watcher/manifests/api.pp,1
1266,fuel-library/deployment/puppet/openstack_tasks/manifests/swift/proxy_storage.pp,1
1267,puppet-gnocchi/manifests/api.pp,1
1268,puppet-pacemaker/manifests/constraint/base.pp,1
1269,puppet-ceilometer/manifests/api.pp,1
1270,puppet-neutron/manifests/agents/ml2/linuxbridge.pp,1
1271,puppet-keystone/manifests/roles/admin.pp,1
1272,fuel-plugin-lma-collector/deployment_scripts/puppet/modules/lma_collector/manifests/collectd/base.pp,1
1273,fuel-plugin-plumgrid/deployment_scripts/puppet/manifests/plumgrid_nova_compute.pp,1
1274,puppet-tripleo/manifests/profile/base/cinder/volume.pp,1
1275,fuel-library/deployment/puppet/cluster/manifests/rabbitmq_fence.pp,1
1276,puppet-swift/manifests/storage/generic.pp,1
1277,puppet-tripleo/manifests/profile/pacemaker/gnocchi.pp,1
1278,fuel-plugin-contrail/deployment_scripts/puppet/modules/contrail/manifests/compute/hugepages.pp,1
1279,fuel-plugin-elasticsearch-kibana/deployment_scripts/puppet/modules/lma_logging_analytics/manifests/kibana.pp,1
1280,fuel-plugin-6wind-virtual-accelerator/deployment_scripts/puppet/manifests/external_repo.pp,1
1281,puppet-openstack-integration/manifests/rabbitmq.pp,1
1282,puppet-barbican/manifests/wsgi/apache.pp,0
1283,puppet-midonet/manifests/agent/install.pp,0
1284,puppet-midonet/manifests/analytics/services.pp,0
1285,puppet-tripleo/manifests/profile/base/ironic/conductor.pp,0
1286,puppet-openstack-integration/manifests/horizon.pp,0
1287,puppet-manila/manifests/init.pp,1
1288,puppet-cinder/manifests/api.pp,1
1289,puppet-glance/manifests/registry.pp,1
1290,puppet-ceph/manifests/mon.pp,1
1291,puppet-nova/manifests/compute/libvirt.pp,1
1292,fuel-plugin-purestorage-cinder/deployment_scripts/puppet/modules/plugin_purestorage_cinder/manifests/controller.pp,1
1293,puppet-ceph/manifests/repo.pp,1
1294,fuel-plugin-opendaylight/deployment_scripts/puppet/manifests/odl-common_config.pp,1
1295,puppet-aodh/manifests/api.pp,1
1296,puppet-openstack-integration/manifests/neutron.pp,1
1297,puppet-cinder/manifests/backend/bdd.pp,1
1298,puppet-cinder/manifests/backend/iscsi.pp,1
1299,fuel-plugin-contrail/deployment_scripts/puppet/modules/contrail/manifests/control.pp,1
1300,puppet-midonet/manifests/cluster/run.pp,1
1301,puppet-swift/manifests/storage/xfs.pp,1
1302,puppet-openstack-integration/manifests/barbican.pp,1
1303,fuel-plugin-purestorage-cinder/deployment_scripts/puppet/modules/plugin_purestorage_cinder/manifests/common.pp,0
1304,puppet-tripleo/manifests/profile/base/neutron/plugins/ml2.pp,0
1305,puppet-neutron/examples/base_provision.pp,0
1306,puppet-keystone/manifests/wsgi/apache.pp,1
1307,puppet-trove/manifests/api.pp,1
1308,fuel-library/deployment/puppet/vmware/manifests/cinder/vmdk.pp,1
1309,puppet-ceph/manifests/rgw.pp,1
1310,puppet-pacemaker/manifests/corosync.pp,1
1311,fuel-library/deployment/puppet/openstack_tasks/manifests/roles/ironic_conductor.pp,1
1312,fuel-library/deployment/puppet/l23network/manifests/l2/dpdk.pp,1
1313,fuel-plugin-scaleio/deployment_scripts/puppet/manifests/resize_cluster.pp,1
1314,puppet-swift/manifests/init.pp,1
1315,fuel-plugin-external-zabbix/deployment_scripts/puppet/modules/plugin_zabbix/manifests/primary_controller.pp,1
1316,fuel-library/deployment/puppet/osnailyfacter/manifests/hiera/hiera.pp,1
1317,puppet-openstack-integration/fixtures/scenario-aio.pp,1
1318,puppet-swift/manifests/storage/loopback.pp,0
1319,puppet-glance/manifests/glare.pp,1
1320,puppet-designate/manifests/logging.pp,1
1321,fuel-plugin-plumgrid/deployment_scripts/puppet/manifests/director.pp,1
1322,puppet-tripleo/manifests/profile/pacemaker/database/mysql.pp,1
1323,fuel-plugin-contrail/deployment_scripts/puppet/modules/contrail/manifests/compute/vrouter.pp,1
1324,puppet-nova/manifests/compute/rbd.pp,1
1325,fuel-library/deployment/puppet/fuel/manifests/cobbler.pp,1
1326,puppet-swift/manifests/storage/mount.pp,1
1327,puppet-rally/manifests/settings.pp,1
1328,fuel-plugin-ceilometer-redis/deployment_scripts/puppet/modules/redis/manifests/sentinel.pp,0
1329,puppet-tripleo/manifests/profile/base/swift/proxy.pp,0
1330,fuel-library/deployment/puppet/openstack/manifests/firewall/novachains.pp,0
1331,puppet-glance/manifests/api.pp,1
1332,puppet-neutron/manifests/server.pp,1
1333,puppet-nova/manifests/compute.pp,1
1334,puppet-monasca/manifests/keystone/auth.pp,1
1335,fuel-plugin-lma-infrastructure-alerting/deployment_scripts/puppet/modules/nagios/manifests/cgi.pp,1
1336,fuel-plugin-lma-infrastructure-alerting/deployment_scripts/puppet/modules/nagios/manifests/init.pp,1
1337,puppet-monasca/manifests/alarmdefs.pp,1
1338,fuel-plugin-contrail/deployment_scripts/puppet/modules/contrail/manifests/compute/override.pp,1
1339,puppet-monasca/manifests/notification.pp,1
1340,puppet-openstack-integration/fixtures/scenario003.pp,1
1341,puppet-openstack-integration/fixtures/scenario001.pp,1
1342,fuel-library/deployment/puppet/osnailyfacter/manifests/generate_vms/generate_vms.pp,1
1343,fuel-plugin-ironic/deployment_scripts/puppet/manifests/ironic-conductor.pp,0
1344,puppet-neutron/manifests/agents/ml2/ovs.pp,1
1345,puppet-neutron/manifests/agents/n1kv_vem.pp,1
1346,puppet-monasca/manifests/api.pp,1
1347,puppet-midonet/manifests/resources/network_creation.pp,1
1348,puppet-openstack-integration/fixtures/scenario002.pp,1
1349,puppet-monasca/manifests/thresh.pp,0
1350,fuel-library/deployment/puppet/openstack/manifests/logging.pp,1
1351,fuel-library/deployment/puppet/fuel/manifests/keystone.pp,1
1352,fuel-library/deployment/puppet/fuel/manifests/nailgun/server.pp,1
1353,fuel-plugin-contrail/deployment_scripts/puppet/modules/contrail/manifests/config.pp,1
1354,puppet-tripleo/manifests/profile/pacemaker/neutron.pp,1
1355,fuel-plugin-contrail/deployment_scripts/puppet/modules/contrail/manifests/controller.pp,1
1356,fuel-plugin-lma-collector/deployment_scripts/puppet/modules/lma_collector/manifests/init.pp,1
1357,fuel-library/deployment/puppet/fuel/manifests/iptables.pp,1
1358,fuel-plugin-external-zabbix/deployment_scripts/puppet/modules/plugin_zabbix/manifests/controller.pp,1
1359,puppet-nova/manifests/init.pp,1
1360,fuel-plugin-contrail/deployment_scripts/puppet/modules/contrail/manifests/analytics.pp,1
1361,puppet-keystone/examples/user_project_user_role_composite_namevar.pp,1
1362,puppet-nova/manifests/api.pp,1
1363,fuel-plugin-contrail/deployment_scripts/puppet/modules/contrail/manifests/database.pp,1
1364,puppet-ironic/manifests/inspector.pp,1
1365,puppet-openstack-integration/manifests/swift.pp,1
1366,packstack/packstack/puppet/templates/compute.pp,0
1367,fuel-plugin-bigswitch/deployment_scripts/puppet/modules/bcf/manifests/p_only/compute.pp,1
1368,fuel-plugin-external-zabbix/deployment_scripts/puppet/modules/plugin_zabbix/manifests/frontend.pp,1
1369,puppet-monasca/manifests/agent.pp,1
1370,puppet-barbican/manifests/api.pp,1
1371,fuel-plugin-scaleio/deployment_scripts/puppet/manifests/cluster.pp,1
1372,puppet-tripleo/manifests/profile/base/keystone.pp,1
1373,puppet-keystone/manifests/init.pp,1
1374,fuel-plugin-lma-collector/deployment_scripts/puppet/manifests/base.pp,1
1375,puppet-monasca/manifests/vertica/config.pp,1
1376,fuel-plugin-lma-collector/deployment_scripts/puppet/modules/heka/manifests/init.pp,1
1377,fuel-plugin-external-zabbix/deployment_scripts/puppet/modules/plugin_zabbix/manifests/monitoring.pp,1
1378,fuel-library/deployment/puppet/cobbler/manifests/server.pp,1
1379,fuel-library/deployment/puppet/openstack_tasks/manifests/roles/compute.pp,1
1380,fuel-plugin-lma-infrastructure-alerting/deployment_scripts/puppet/manifests/nagios.pp,1
1381,fuel-plugin-bigswitch/deployment_scripts/puppet/modules/bcf/manifests/p_v/compute.pp,1
1382,fuel-plugin-external-zabbix/deployment_scripts/puppet/modules/plugin_zabbix/manifests/server/config.pp,1
