,name,pp_percentage
0,bashate,0.0
1,cookiecutter,0.0
2,devstack,0.0
3,devstack-plugin-cookiecutter,0.0
4,devstack-vagrant,0.39
5,grenade,0.0
6,hacking,0.0
7,heat-cfnclient,0.0
8,openstack-nose,0.0
9,oslo-cookiecutter,0.0
10,pbr,0.0
11,specs-cookiecutter,0.0
12,activity-board,0.0
13,bugdaystats,0.0
14,devstack-gate,0.0
15,logstash-filters,0.0
16,nose-html-output,0.0
17,openstack-zuul-jobs,0.0
18,openstack-zuul-roles,0.0
19,os-loganalyze,0.0
20,project-config,0.0
21,release-tools,0.0
22,releasestatus,0.0
23,requestsexceptions,0.0
24,reviewday,0.0
25,reviewstats,0.0
26,shade,0.0
27,tripleo-ci,0.0
28,zuul-packaging,0.0
29,adjutant,0.0
30,adjutant-ui,0.0
31,anchor,0.0
32,ansible-config_template,0.0
33,ansible-hardening,0.0
34,ansible-role-atos-hsm,0.0
35,ansible-role-chrony,0.0
36,ansible-role-container-registry,0.0
37,ansible-role-k8s-cinder,0.0
38,ansible-role-k8s-cookiecutter,0.0
39,ansible-role-k8s-glance,0.0
40,ansible-role-k8s-keystone,0.0
41,ansible-role-k8s-mariadb,0.0
42,ansible-role-k8s-rabbitmq,0.0
43,ansible-role-k8s-tripleo,0.0
44,ansible-role-openstack-operations,0.0
45,ansible-role-python_venv_build,0.0
46,ansible-role-qdrouterd,0.0
47,ansible-role-redhat-subscription,0.0
48,ansible-role-systemd_mount,0.0
49,ansible-role-systemd_networkd,0.0
50,ansible-role-systemd_service,0.0
51,ansible-role-thales-hsm,0.0
52,ansible-role-tripleo-aodh,0.0
53,ansible-role-tripleo-barbican,0.0
54,ansible-role-tripleo-ceilometer,0.0
55,ansible-role-tripleo-cinder,0.0
56,ansible-role-tripleo-cookiecutter,0.0
57,ansible-role-tripleo-designate,0.0
58,ansible-role-tripleo-glance,0.0
59,ansible-role-tripleo-gnocchi,0.0
60,ansible-role-tripleo-haproxy,0.0
61,ansible-role-tripleo-heat,0.0
62,ansible-role-tripleo-horizon,0.0
63,ansible-role-tripleo-ironic,0.0
64,ansible-role-tripleo-keepalived,0.0
65,ansible-role-tripleo-keystone,0.0
66,ansible-role-tripleo-manila,0.0
67,ansible-role-tripleo-memcached,0.0
68,ansible-role-tripleo-mistral,0.0
69,ansible-role-tripleo-modify-image,0.0
70,ansible-role-tripleo-neutron,0.0
71,ansible-role-tripleo-nova,0.0
72,ansible-role-tripleo-octavia,0.0
73,ansible-role-tripleo-opendaylight,0.0
74,ansible-role-tripleo-ovn,0.0
75,ansible-role-tripleo-panko,0.0
76,ansible-role-tripleo-qdrouterd,0.0
77,ansible-role-tripleo-rabbitmq,0.0
78,ansible-role-tripleo-rsyslog-sidecar,0.0
79,ansible-role-tripleo-sahara,0.0
80,ansible-role-tripleo-sensu,0.0
81,ansible-role-tripleo-swift,0.0
82,ansible-role-tripleo-tacker,0.0
83,ansible-role-tripleo-tempest,0.0
84,ansible-role-tripleo-ui,0.0
85,ansible-role-tripleo-zaqar,0.0
86,aodh,0.0
87,api-sig,0.0
88,api-site,0.0
89,app-catalog,0.0
90,app-catalog-common,0.0
91,app-catalog-ui,0.0
92,arch-design,0.0
93,arch-wg,0.0
94,astara,0.0
95,astara-appliance,0.0
96,astara-horizon,0.0
97,astara-neutron,0.0
98,automaton,0.0
99,bandit,0.0
100,barbican,0.0
101,barbican-specs,0.0
102,barbican-tempest-plugin,0.0
103,bifrost,0.0
104,blazar,0.0
105,blazar-dashboard,0.0
106,blazar-nova,0.0
107,blazar-specs,0.0
108,blazar-tempest-plugin,0.0
109,castellan,0.0
110,castellan-ui,0.0
111,ceilometer,0.0
112,ceilometer-powervm,0.0
113,ceilometermiddleware,0.0
114,charm-aodh,0.0
115,charm-barbican,0.0
116,charm-barbican-softhsm,0.0
117,charm-barbican-vault,0.0
118,charm-ceilometer,0.0
119,charm-ceilometer-agent,0.0
120,charm-ceph,0.0
121,charm-ceph-fs,0.0
122,charm-ceph-mon,0.0
123,charm-ceph-osd,0.0
124,charm-ceph-proxy,0.0
125,charm-ceph-radosgw,0.0
126,charm-ceph-rbd-mirror,0.0
127,charm-cinder,0.0
128,charm-cinder-backup,0.0
129,charm-cinder-ceph,0.0
130,charm-cloudkitty,0.0
131,charm-deployment-guide,0.0
132,charm-designate,0.0
133,charm-designate-bind,0.0
134,charm-glance,0.0
135,charm-glance-simplestreams-sync,0.0
136,charm-glusterfs,0.0
137,charm-gnocchi,0.0
138,charm-guide,0.0
139,charm-hacluster,0.0
140,charm-heat,0.0
141,charm-interface-barbican-secrets,0.0
142,charm-interface-bgp,0.0
143,charm-interface-bind-rndc,0.0
144,charm-interface-ceph-client,0.0
145,charm-interface-ceph-mds,0.0
146,charm-interface-ceph-rbd-mirror,0.0
147,charm-interface-cinder-backend,0.0
148,charm-interface-dashboard-plugin,0.0
149,charm-interface-designate,0.0
150,charm-interface-gnocchi,0.0
151,charm-interface-hacluster,0.0
152,charm-interface-keystone,0.0
153,charm-interface-keystone-admin,0.0
154,charm-interface-keystone-credentials,0.0
155,charm-interface-keystone-domain-backend,0.0
156,charm-interface-manila-plugin,0.0
157,charm-interface-mysql-shared,0.0
158,charm-interface-neutron-load-balancer,0.0
159,charm-interface-neutron-plugin,0.0
160,charm-interface-neutron-plugin-api-subordinate,0.0
161,charm-interface-nova-cell,0.0
162,charm-interface-nova-compute,0.0
163,charm-interface-odl-controller-api,0.0
164,charm-interface-openstack-ha,0.0
165,charm-interface-ovsdb-manager,0.0
166,charm-interface-rabbitmq,0.0
167,charm-interface-service-control,0.0
168,charm-ironic,0.0
169,charm-keystone,0.0
170,charm-keystone-ldap,0.0
171,charm-layer-ceph,0.0
172,charm-layer-ceph-base,0.0
173,charm-layer-openstack,0.0
174,charm-layer-openstack-api,0.0
175,charm-layer-openstack-principle,0.0
176,charm-nova-lxd,0.0
177,charm-manila,0.0
178,charm-manila-generic,0.0
179,charm-manila-glusterfs,0.0
180,charm-mistral,0.0
181,charm-murano,0.0
182,charm-neutron-api,0.0
183,charm-neutron-api-genericswitch,0.0
184,charm-neutron-api-odl,0.0
185,charm-neutron-dynamic-routing,0.0
186,charm-neutron-gateway,0.0
187,charm-neutron-openvswitch,0.0
188,charm-nova-cell-controller,0.0
189,charm-nova-cloud-controller,0.0
190,charm-nova-compute,0.0
191,charm-nova-compute-proxy,0.0
192,charm-octavia,0.0
193,charm-octavia-dashboard,0.0
194,charm-odl-controller,0.0
195,charm-openstack-dashboard,0.0
196,charm-openvswitch-odl,0.0
197,charm-panko,0.0
198,charm-percona-cluster,0.0
199,charm-rabbitmq-server,0.0
200,charm-specs,0.0
201,charm-swift-proxy,0.0
202,charm-swift-storage,0.0
203,charm-tempest,0.0
204,charm-trove,0.0
205,charm-vault,0.0
206,charms.ceph,0.0
207,charms.openstack,0.0
208,cinder,0.0
209,cinder-specs,0.0
210,cinder-tempest-plugin,0.0
211,cinderlib,0.0
212,cliff,0.0
213,cloudkitty,0.0
214,cloudkitty-dashboard,0.0
215,cloudkitty-specs,0.0
216,cloudkitty-tempest-plugin,0.0
217,compute-hyperv,0.0
218,congress,0.0
219,congress-dashboard,0.0
220,congress-specs,0.0
221,congress-tempest-plugin,0.0
222,constellations,0.0
223,contributor-guide,0.0
224,cookbook-openstack-application-catalog,0.0
225,cookbook-openstack-bare-metal,0.0
226,cookbook-openstack-block-storage,0.0
227,cookbook-openstack-client,0.0
228,cookbook-openstack-common,0.0
229,cookbook-openstack-compute,0.0
230,cookbook-openstack-dashboard,0.0
231,cookbook-openstack-data-processing,0.0
232,cookbook-openstack-database,0.0
233,cookbook-openstack-dns,0.0
234,cookbook-openstack-identity,0.0
235,cookbook-openstack-image,0.0
236,cookbook-openstack-integration-test,0.0
237,cookbook-openstack-network,0.0
238,cookbook-openstack-object-storage,0.0
239,cookbook-openstack-ops-database,0.0
240,cookbook-openstack-ops-messaging,0.0
241,cookbook-openstack-orchestration,0.0
242,cookbook-openstack-telemetry,0.0
243,cookbook-openstackclient,0.0
244,coverage2sql,0.0
245,cue,0.0
246,cue-dashboard,0.0
247,cyborg,0.0
248,cyborg-specs,0.0
249,deb-alembic,0.0
250,deb-aodh,0.0
251,deb-auto-backports,0.0
252,deb-bandit,0.0
253,deb-barbican,0.0
254,deb-ceilometer,0.0
255,deb-ceilometermiddleware,0.0
256,deb-cinder,0.0
257,deb-congress,0.0
258,deb-designate,0.0
259,deb-designate-dashboard,0.0
260,deb-fonts-materialdesignicons-webfont,0.0
261,deb-fonts-roboto-fontface,0.0
262,deb-git-review,0.0
263,deb-glance,0.0
264,deb-glare,0.0
265,deb-gnocchi,0.0
266,deb-heat,0.0
267,deb-heat-cfntools,0.0
268,deb-horizon,0.0
269,deb-ironic,0.0
270,deb-ironic-inspector,0.0
271,deb-ironic-ui,0.0
272,deb-kazoo,0.0
273,deb-keystone,0.0
274,deb-liberasurecode,0.0
275,deb-libisal,0.0
276,deb-magnum,0.0
277,deb-manila,0.0
278,deb-manila-ui,0.0
279,deb-migrate,0.0
280,deb-mistral,0.0
281,deb-msgpack-python,0.0
282,deb-murano,0.0
283,deb-murano-agent,0.0
284,deb-murano-dashboard,0.0
285,deb-networking-arista,0.0
286,deb-networking-cisco,0.0
287,deb-networking-hyperv,0.0
288,deb-networking-l2gw,0.0
289,deb-networking-midonet,0.0
290,deb-networking-mlnx,0.0
291,deb-networking-nec,0.0
292,deb-networking-odl,0.0
293,deb-networking-ovn,0.0
294,deb-neutron,0.0
295,deb-neutron-fwaas,0.0
296,deb-neutron-lbaas,0.0
297,deb-neutron-taas,0.0
298,deb-neutron-vpnaas,0.0
299,deb-nodepool,0.0
300,deb-nova,0.0
301,deb-novnc,0.0
302,deb-openstack-doc-tools,0.0
303,deb-openstack-meta-packages,0.0
304,deb-openstack-nose,0.0
305,deb-openstack-pkg-tools,0.0
306,deb-openstack-trove,0.0
307,deb-oslosphinx,0.0
308,deb-python-aioeventlet,0.0
309,deb-python-aodhclient,0.0
310,deb-python-autobahn,0.0
311,deb-python-automaton,0.0
312,deb-python-barbicanclient,0.0
313,deb-python-bashate,0.0
314,deb-python-cassandra-driver,0.0
315,deb-python-castellan,0.0
316,deb-python-ceilometerclient,0.0
317,deb-python-ceilometermiddleware,0.0
318,deb-python-cinderclient,0.0
319,deb-python-cliff,0.0
320,deb-python-coffin,0.0
321,deb-python-colander,0.0
322,deb-python-concurrent.futures,0.0
323,deb-python-congressclient,0.0
324,deb-python-cotyledon,0.0
325,deb-python-couleur,0.0
326,deb-python-crank,0.0
327,deb-python-croniter,0.0
328,deb-python-csscompressor,0.0
329,deb-python-cursive,0.0
330,deb-python-daemonize,0.0
331,deb-python-dcos,0.0
332,deb-python-ddt,0.0
333,deb-python-debtcollector,0.0
334,deb-python-designateclient,0.0
335,deb-python-dib-utils,0.0
336,deb-python-diskimage-builder,0.0
337,deb-python-django-appconf,0.0
338,deb-python-django-babel,0.0
339,deb-python-django-bootstrap-form,0.0
340,deb-python-django-compressor,0.0
341,deb-python-django-discover-runner,0.0
342,deb-python-django-formtools,0.0
343,deb-python-django-openstack-auth,0.0
344,deb-python-django-overextends,0.0
345,deb-python-django-pyscss,0.0
346,deb-python-doc8,0.0
347,deb-python-dogpile.cache,0.0
348,deb-python-dogpile.core,0.0
349,deb-python-editor,0.0
350,deb-python-eventlet,0.0
351,deb-python-extras,0.0
352,deb-python-falcon,0.0
353,deb-python-fasteners,0.0
354,deb-python-fixtures,0.0
355,deb-python-frozendict,0.0
356,deb-python-fuelclient,0.0
357,deb-python-funcsigs,0.0
358,deb-python-functools32,0.0
359,deb-python-futurist,0.0
360,deb-python-gabbi,0.0
361,deb-python-glance-store,0.0
362,deb-python-glanceclient,0.0
363,deb-python-gnocchiclient,0.0
364,deb-python-greenio,0.0
365,deb-python-hacking,0.0
366,deb-python-happybase,0.0
367,deb-python-heatclient,0.0
368,deb-python-hplefthandclient,0.0
369,deb-python-httpretty,0.0
370,deb-python-ironic-inspector-client,0.0
371,deb-python-ironic-lib,0.0
372,deb-python-ironicclient,0.0
373,deb-python-jingo,0.0
374,deb-python-json-patch,0.0
375,deb-python-json-pointer,0.0
376,deb-python-jsonpath-rw,0.0
377,deb-python-jsonpath-rw-ext,0.0
378,deb-python-jsonrpclib,0.0
379,deb-python-jsonschema,0.0
380,deb-python-k8sclient,0.0
381,deb-python-kafka,0.0
382,deb-python-keystoneauth1,0.0
383,deb-python-keystoneclient,0.0
384,deb-python-keystonemiddleware,0.0
385,deb-python-kmip,0.0
386,deb-python-ldappool,0.0
387,deb-python-lesscpy,0.0
388,deb-python-linecache2,0.0
389,deb-python-magnumclient,0.0
390,deb-python-manilaclient,0.0
391,deb-python-memcache,0.0
392,deb-python-microversion-parse,0.0
393,deb-python-misaka,0.0
394,deb-python-mistralclient,0.0
395,deb-python-monascaclient,0.0
396,deb-python-monotonic,0.0
397,deb-python-mox3,0.0
398,deb-python-multi-key-dict,0.0
399,deb-python-muranoclient,0.0
400,deb-python-neutron-lib,0.0
401,deb-python-neutronclient,0.0
402,deb-python-nose-exclude,0.0
403,deb-python-nose-parameterized,0.0
404,deb-python-nose-timer,0.0
405,deb-python-nosehtmloutput,0.0
406,deb-python-novaclient,0.0
407,deb-python-oauth2client,0.0
408,deb-python-openstackclient,0.0
409,deb-python-openstackdocstheme,0.0
410,deb-python-openstacksdk,0.0
411,deb-python-os-api-ref,0.0
412,deb-python-os-apply-config,0.0
413,deb-python-os-brick,0.0
414,deb-python-os-client-config,0.0
415,deb-python-os-cloud-config,0.0
416,deb-python-os-collect-config,0.0
417,deb-python-os-net-config,0.0
418,deb-python-os-refresh-config,0.0
419,deb-python-os-testr,0.0
420,deb-python-os-vif,0.0
421,deb-python-os-win,0.0
422,deb-python-osc-lib,0.0
423,deb-python-oslo.cache,0.0
424,deb-python-oslo.concurrency,0.0
425,deb-python-oslo.config,0.0
426,deb-python-oslo.context,0.0
427,deb-python-oslo.db,0.0
428,deb-python-oslo.i18n,0.0
429,deb-python-oslo.log,0.0
430,deb-python-oslo.messaging,0.0
431,deb-python-oslo.middleware,0.0
432,deb-python-oslo.policy,0.0
433,deb-python-oslo.privsep,0.0
434,deb-python-oslo.reports,0.0
435,deb-python-oslo.rootwrap,0.0
436,deb-python-oslo.serialization,0.0
437,deb-python-oslo.service,0.0
438,deb-python-oslo.utils,0.0
439,deb-python-oslo.versionedobjects,0.0
440,deb-python-oslo.vmware,0.0
441,deb-python-oslotest,0.0
442,deb-python-osprofiler,0.0
443,deb-python-pager,0.0
444,deb-python-pbr,0.0
445,deb-python-pecan,0.0
446,deb-python-pika-pool,0.0
447,deb-python-pint,0.0
448,deb-python-positional,0.0
449,deb-python-proliantutils,0.0
450,deb-python-pulp,0.0
451,deb-python-pycadf,0.0
452,deb-python-pydot-ng,0.0
453,deb-python-pydotplus,0.0
454,deb-python-pyeclib,0.0
455,deb-python-pyghmi,0.0
456,deb-python-pygit2,0.0
457,deb-python-pykmip,0.0
458,deb-python-pyldap,0.0
459,deb-python-pymemcache,0.0
460,deb-python-pymysql,0.0
461,deb-python-pyngus,0.0
462,deb-python-pysaml2,0.0
463,deb-python-pytimeparse,0.0
464,deb-python-pyvmomi,0.0
465,deb-python-quantumclient,0.0
466,deb-python-rcssmin,0.0
467,deb-python-rednose,0.0
468,deb-python-reno,0.0
469,deb-python-requestbuilder,0.0
470,deb-python-requests-kerberos,0.0
471,deb-python-requests-mock,0.0
472,deb-python-requests-unixsocket,0.0
473,deb-python-requestsexceptions,0.0
474,deb-python-retrying,0.0
475,deb-python-rfc3986,0.0
476,deb-python-rjsmin,0.0
477,deb-python-rtslib-fb,0.0
478,deb-python-saharaclient,0.0
479,deb-python-scciclient,0.0
480,deb-python-seamicroclient,0.0
481,deb-python-semantic-version,0.0
482,deb-python-semver,0.0
483,deb-python-senlinclient,0.0
484,deb-python-shotgun,0.0
485,deb-python-sqlalchemy-utils,0.0
486,deb-python-steadymark,0.0
487,deb-python-swiftclient,0.0
488,deb-python-tackerclient,0.0
489,deb-python-taskflow,0.0
490,deb-python-testtools,0.0
491,deb-python-toml,0.0
492,deb-python-tooz,0.0
493,deb-python-tosca-parser,0.0
494,deb-python-traceback2,0.0
495,deb-python-trollius,0.0
496,deb-python-troveclient,0.0
497,deb-python-tuskarclient,0.0
498,deb-python-txaio,0.0
499,deb-python-warlock,0.0
500,deb-python-watcherclient,0.0
501,deb-python-weakrefmethod,0.0
502,deb-python-websocket-client,0.0
503,deb-python-wrapt,0.0
504,deb-python-wsgi-intercept,0.0
505,deb-python-wsme,0.0
506,deb-python-xstatic,0.0
507,deb-python-xstatic-angular,0.0
508,deb-python-xstatic-angular-bootstrap,0.0
509,deb-python-xstatic-angular-cookies,0.0
510,deb-python-xstatic-angular-fileupload,0.0
511,deb-python-xstatic-angular-gettext,0.0
512,deb-python-xstatic-angular-lrdragndrop,0.0
513,deb-python-xstatic-angular-mock,0.0
514,deb-python-xstatic-angular-schema-form,0.0
515,deb-python-xstatic-bootstrap-datepicker,0.0
516,deb-python-xstatic-bootstrap-scss,0.0
517,deb-python-xstatic-bootswatch,0.0
518,deb-python-xstatic-d3,0.0
519,deb-python-xstatic-font-awesome,0.0
520,deb-python-xstatic-hogan,0.0
521,deb-python-xstatic-jasmine,0.0
522,deb-python-xstatic-jquery,0.0
523,deb-python-xstatic-jquery-migrate,0.0
524,deb-python-xstatic-jquery-ui,0.0
525,deb-python-xstatic-jquery.bootstrap.wizard,0.0
526,deb-python-xstatic-jquery.quicksearch,0.0
527,deb-python-xstatic-jquery.tablesorter,0.0
528,deb-python-xstatic-jsencrypt,0.0
529,deb-python-xstatic-magic-search,0.0
530,deb-python-xstatic-mdi,0.0
531,deb-python-xstatic-objectpath,0.0
532,deb-python-xstatic-qunit,0.0
533,deb-python-xstatic-rickshaw,0.0
534,deb-python-xstatic-roboto-fontface,0.0
535,deb-python-xstatic-smart-table,0.0
536,deb-python-xstatic-spin,0.0
537,deb-python-xstatic-term.js,0.0
538,deb-python-xstatic-tv4,0.0
539,deb-python-xvfbwrapper,0.0
540,deb-python-yaql,0.0
541,deb-python-zaqarclient,0.0
542,deb-rally,0.0
543,deb-ryu,0.0
544,deb-sahara,0.0
545,deb-sahara-dashboard,0.0
546,deb-senlin,0.0
547,deb-senlin-dashboard,0.0
548,deb-spice-html5,0.0
549,deb-stevedore,0.0
550,deb-subunit,0.0
551,deb-swauth,0.0
552,deb-swift,0.0
553,deb-swift-bench,0.0
554,deb-swift-plugin-s3,0.0
555,deb-tempest,0.0
556,deb-testresources,0.0
557,deb-trove,0.0
558,deb-trove-dashboard,0.0
559,deb-watcher,0.0
560,deb-websockify,0.0
561,deb-zaqar,0.0
562,deb-zaqar-ui,0.0
563,debtcollector,0.0
564,designate,0.0
565,designate-dashboard,0.0
566,designate-specs,0.0
567,designate-tempest-plugin,0.0
568,devstack-plugin-amqp1,0.0
569,devstack-plugin-ceph,0.0
570,devstack-plugin-container,0.0
571,devstack-plugin-kafka,0.0
572,devstack-plugin-nfs,0.0
573,devstack-plugin-pika,0.0
574,devstack-plugin-zmq,0.0
575,devstack-tools,0.0
576,dib-utils,0.0
577,diskimage-builder,0.0
578,django-openstack-auth-kerberos,0.0
579,django_openstack_auth,0.0
580,docs-specs,0.0
581,dragonflow,0.0
582,ec2-api,0.0
583,ec2api-tempest-plugin,0.0
584,election,0.0
585,enterprise-wg,0.0
586,eslint-config-openstack,0.0
587,faafo,0.0
588,fairy-slipper,0.0
589,freezer,0.0
590,freezer-api,0.0
591,freezer-dr,0.0
592,freezer-specs,0.0
593,freezer-tempest-plugin,0.0
594,freezer-web-ui,0.0
595,fuel-agent,0.0
596,fuel-astute,0.0
597,fuel-dev-tools,0.0
598,fuel-devops,0.0
599,fuel-docs,0.0
600,fuel-library,0.0
601,fuel-main,0.0
602,fuel-menu,0.0
603,fuel-mirror,0.0
604,fuel-nailgun-agent,0.0
605,fuel-nailgun-extension-cluster-upgrade,0.0
606,fuel-nailgun-extension-converted-serializers,0.0
607,fuel-nailgun-extension-iac,0.0
608,fuel-octane,0.0
609,fuel-ostf,0.0
610,fuel-plugin-murano,0.0
611,fuel-plugin-murano-tests,0.0
612,fuel-plugins,0.0
613,fuel-qa,0.0
614,fuel-specs,0.0
615,fuel-stats,0.0
616,fuel-ui,0.0
617,fuel-upgrade,0.0
618,fuel-virtualbox,0.0
619,fuel-web,0.0
620,futurist,0.0
621,fuxi,0.0
622,fuxi-golang,0.0
623,fuxi-kubernetes,0.0
624,glance,0.0
625,glance-specs,0.0
626,glance_store,0.0
627,gnocchi,0.0
628,goal-tools,0.0
629,governance,0.0
630,governance-sigs,0.0
631,governance-uc,0.0
632,governance-website,0.0
633,ha-guide,0.0
634,heat,0.0
635,heat-agents,0.0
636,heat-cfntools,0.0
637,heat-dashboard,0.0
638,heat-specs,0.0
639,heat-tempest-plugin,0.0
640,heat-templates,0.0
641,heat-translator,0.0
642,horizon,0.0
643,horizon-cisco-ui,0.0
644,i18n,0.0
645,i18n-specs,0.0
646,instack,0.0
647,instack-undercloud,0.0
648,installguide-cookiecutter,0.0
649,ironic,0.0
650,ironic-inspector,0.0
651,ironic-inspector-specs,0.0
652,ironic-lib,0.0
653,ironic-python-agent,0.0
654,ironic-python-agent-builder,0.0
655,ironic-specs,0.0
656,ironic-tempest-plugin,0.0
657,ironic-ui,0.0
658,ironic-webclient,0.0
659,js-openstack-lib,0.0
660,karbor,0.0
661,karbor-dashboard,0.0
662,karma-subunit-reporter,0.0
663,kayobe,0.0
664,kayobe-config,0.0
665,kayobe-config-dev,0.0
666,keystone,0.0
667,keystone-specs,0.0
668,keystone-tempest-plugin,0.0
669,keystoneauth,0.0
670,keystoneauth-saml2,0.0
671,keystonemiddleware,0.0
672,kolla,0.0
673,kolla-ansible,0.0
674,kolla-cli,0.0
675,kolla-kubernetes,0.0
676,kuryr,0.0
677,kuryr-kubernetes,0.0
678,kuryr-libnetwork,0.0
679,kuryr-tempest-plugin,0.0
680,ldappool,0.0
681,liberasurecode,0.0
682,loci,0.0
683,magnetodb,0.0
684,magnetodb-specs,0.0
685,magnum,0.0
686,magnum-specs,0.0
687,magnum-tempest-plugin,0.0
688,magnum-ui,0.0
689,manila,0.0
690,manila-image-elements,0.0
691,manila-specs,0.0
692,manila-tempest-plugin,0.0
693,manila-test-image,0.0
694,manila-ui,0.0
695,masakari,0.0
696,masakari-dashboard,0.0
697,masakari-monitors,0.0
698,masakari-specs,0.0
699,metalsmith,0.0
700,microversion-parse,0.0
701,mistral,0.0
702,mistral-dashboard,0.0
703,mistral-extra,0.0
704,mistral-lib,0.0
705,mistral-specs,0.0
706,mistral-tempest-plugin,0.0
707,molteniron,0.0
708,monasca-agent,0.0
709,monasca-analytics,0.0
710,monasca-api,0.0
711,monasca-ceilometer,0.0
712,monasca-common,0.0
713,monasca-events-api,0.0
714,monasca-grafana-datasource,0.0
715,monasca-kibana-plugin,0.0
716,monasca-log-api,0.0
717,monasca-notification,0.0
718,monasca-persister,0.0
719,monasca-specs,0.0
720,monasca-statsd,0.0
721,monasca-tempest-plugin,0.0
722,monasca-thresh,0.0
723,monasca-transform,0.0
724,monasca-ui,0.0
725,mox3,0.0
726,murano,0.0
727,murano-agent,0.0
728,murano-apps,0.0
729,murano-dashboard,0.0
730,murano-deployment,0.0
731,murano-pkg-check,0.0
732,murano-specs,0.0
733,murano-tempest-plugin,0.0
734,networking-bagpipe,0.0
735,networking-baremetal,0.0
736,networking-bgpvpn,0.0
737,networking-calico,0.0
738,networking-generic-switch,0.0
739,networking-generic-switch-tempest-plugin,0.0
740,networking-hyperv,0.0
741,networking-l2gw,0.0
742,networking-l2gw-tempest-plugin,0.0
743,networking-midonet,0.0
744,networking-odl,0.0
745,networking-ofagent,0.0
746,networking-onos,0.0
747,networking-ovn,0.0
748,networking-powervm,0.0
749,networking-sfc,0.0
750,neutron,0.0
751,neutron-dynamic-routing,0.0
752,neutron-fwaas,0.0
753,neutron-fwaas-dashboard,0.0
754,neutron-interconnection,0.0
755,neutron-lbaas,0.0
756,neutron-lbaas-dashboard,0.0
757,neutron-lib,0.0
758,neutron-specs,0.0
759,neutron-tempest-plugin,0.0
760,neutron-vpnaas,0.0
761,neutron-vpnaas-dashboard,0.0
762,nova,0.0
763,nova-powervm,0.0
764,nova-specs,0.0
765,octavia,0.0
766,octavia-dashboard,0.0
767,octavia-lib,0.0
768,octavia-tempest-plugin,0.0
769,openstack,0.0
770,openstack-ansible,0.0
771,openstack-ansible-apt_package_pinning,0.0
772,openstack-ansible-ceph_client,0.0
773,openstack-ansible-galera_client,0.0
774,openstack-ansible-galera_server,0.0
775,openstack-ansible-haproxy_server,0.0
776,openstack-ansible-lxc_container_create,0.0
777,openstack-ansible-lxc_hosts,0.0
778,openstack-ansible-memcached_server,0.0
779,openstack-ansible-nspawn_container_create,0.0
780,openstack-ansible-nspawn_hosts,0.0
781,openstack-ansible-openstack_hosts,0.0
782,openstack-ansible-openstack_openrc,0.0
783,openstack-ansible-ops,0.0
784,openstack-ansible-os_almanach,0.0
785,openstack-ansible-os_aodh,0.0
786,openstack-ansible-os_barbican,0.0
787,openstack-ansible-os_blazar,0.0
788,openstack-ansible-os_ceilometer,0.0
789,openstack-ansible-os_cinder,0.0
790,openstack-ansible-os_cloudkitty,0.0
791,openstack-ansible-os_congress,0.0
792,openstack-ansible-os_designate,0.0
793,openstack-ansible-os_freezer,0.0
794,openstack-ansible-os_glance,0.0
795,openstack-ansible-os_gnocchi,0.0
796,openstack-ansible-os_heat,0.0
797,openstack-ansible-os_horizon,0.0
798,openstack-ansible-os_ironic,0.0
799,openstack-ansible-os_karbor,0.0
800,openstack-ansible-os_keystone,0.0
801,openstack-ansible-os_magnum,0.0
802,openstack-ansible-os_manila,0.0
803,openstack-ansible-os_masakari,0.0
804,openstack-ansible-os_mistral,0.0
805,openstack-ansible-os_molteniron,0.0
806,openstack-ansible-os_monasca,0.0
807,openstack-ansible-os_monasca-agent,0.0
808,openstack-ansible-os_monasca-ui,0.0
809,openstack-ansible-os_neutron,0.0
810,openstack-ansible-os_nova,0.0
811,openstack-ansible-os_octavia,0.0
812,openstack-ansible-os_panko,0.0
813,openstack-ansible-os_placement,0.0
814,openstack-ansible-os_rally,0.0
815,openstack-ansible-os_sahara,0.0
816,openstack-ansible-os_searchlight,0.0
817,openstack-ansible-os_swift,0.0
818,openstack-ansible-os_tacker,0.0
819,openstack-ansible-os_tempest,0.0
820,openstack-ansible-os_trove,0.0
821,openstack-ansible-os_watcher,0.0
822,openstack-ansible-os_zaqar,0.0
823,openstack-ansible-os_zun,0.0
824,openstack-ansible-pip_install,0.0
825,openstack-ansible-pip_lock_down,0.0
826,openstack-ansible-plugins,0.0
827,openstack-ansible-rabbitmq_server,0.0
828,openstack-ansible-repo_build,0.0
829,openstack-ansible-repo_server,0.0
830,openstack-ansible-rsyslog_client,0.0
831,openstack-ansible-rsyslog_server,0.0
832,openstack-ansible-security,0.0
833,openstack-ansible-specs,0.0
834,openstack-ansible-tests,0.0
835,openstack-chef,0.0
836,openstack-chef-repo,0.0
837,openstack-chef-specs,0.0
838,openstack-doc-tools,0.0
839,openstack-health,0.0
840,openstack-helm,0.0
841,openstack-helm-addons,0.0
842,openstack-helm-docs,0.0
843,openstack-helm-images,0.0
844,openstack-helm-infra,0.0
845,openstack-manuals,0.0
846,openstack-planet,0.0
847,openstack-salt,0.0
848,openstack-salt-specs,0.0
849,openstack-specs,0.0
850,openstack-ux,0.0
851,openstack-virtual-baremetal,0.0
852,openstackclient,0.0
853,openstackdocstheme,0.0
854,openstacksdk,0.0
855,operations-guide,0.0
856,ops-tags-team,0.0
857,os-acc,0.0
858,os-api-ref,0.0
859,os-apply-config,0.0
860,os-brick,0.0
861,os-client-config,0.0
862,os-cloud-config,0.0
863,os-collect-config,0.0
864,os-ken,0.0
865,os-net-config,0.0
866,os-performance-tools,0.0
867,os-refresh-config,0.0
868,os-resource-classes,0.0
869,os-service-types,0.0
870,os-testr,0.0
871,os-traits,0.0
872,os-vif,0.0
873,os-win,0.0
874,osc-lib,0.0
875,osc-placement,0.0
876,oslo-incubator,0.0
877,oslo-specs,0.0
878,oslo.cache,0.0
879,oslo.concurrency,0.0
880,oslo.config,0.0
881,oslo.context,0.0
882,oslo.db,0.0
883,oslo.i18n,0.0
884,oslo.limit,0.0
885,oslo.log,0.0
886,oslo.messaging,0.0
887,oslo.middleware,0.0
888,oslo.policy,0.0
889,oslo.privsep,0.0
890,oslo.reports,0.0
891,oslo.rootwrap,0.0
892,oslo.serialization,0.0
893,oslo.service,0.0
894,oslo.tools,0.0
895,oslo.upgradecheck,0.0
896,oslo.utils,0.0
897,oslo.versionedobjects,0.0
898,oslo.vmware,0.0
899,oslosphinx,0.0
900,oslotest,0.0
901,osprofiler,0.0
902,ossa,0.0
903,oswin-tempest-plugin,0.0
904,ovsdbapp,0.0
905,panko,0.0
906,patrole,0.0
907,paunch,0.0
908,performance-docs,0.0
909,placement,0.0
910,project-navigator-data,0.0
911,project-team-guide,0.0
912,ptgbot,0.0
913,publiccloud-sig,0.0
914,puppet-aodh,0.43
915,puppet-barbican,0.38
916,puppet-ceilometer,0.42
917,puppet-ceph,0.42
918,puppet-cinder,0.48
919,puppet-cloudkitty,0.44
920,puppet-congress,0.0
921,puppet-crane,0.0
922,puppet-designate,0.4
923,puppet-ec2api,0.5
924,puppet-freezer,0.0
925,puppet-glance,0.38
926,puppet-glare,0.0
927,puppet-gnocchi,0.39
928,puppet-heat,0.48
929,puppet-horizon,0.17
930,puppet-ironic,0.46
931,puppet-keystone,0.31
932,puppet-magnum,0.43
933,puppet-manila,0.49
934,puppet-mistral,0.43
935,puppet-monasca,0.0
936,puppet-murano,0.38
937,puppet-neutron,0.35
938,puppet-nova,0.42
939,puppet-octavia,0.38
940,puppet-openstack-cookiecutter,0.39
941,puppet-openstack-guide,0.0
942,puppet-openstack-integration,0.76
943,puppet-openstack-specs,0.0
944,puppet-openstacklib,0.18
945,puppet-openstack_extras,0.15
946,puppet-openstack_spec_helper,0.0
947,puppet-oslo,0.45
948,puppet-ovn,0.37
949,puppet-pacemaker,0.42
950,puppet-panko,0.0
951,puppet-placement,0.43
952,puppet-qdr,0.22
953,puppet-rally,0.44
954,puppet-sahara,0.36
955,puppet-senlin,0.0
956,puppet-swift,0.32
957,puppet-tacker,0.42
958,puppet-tempest,0.44
959,puppet-tripleo,0.6
960,puppet-trove,0.41
961,puppet-vitrage,0.42
962,puppet-vswitch,0.17
963,puppet-watcher,0.47
964,puppet-zaqar,0.47
965,pycadf,0.0
966,pyeclib,0.0
967,pylockfile,0.0
968,pymod2pkg,0.0
969,python-adjutantclient,0.0
970,python-aodhclient,0.0
971,python-appcatalogclient,0.0
972,python-barbicanclient,0.0
973,python-blazarclient,0.0
974,python-brick-cinderclient-ext,0.0
975,python-ceilometerclient,0.0
976,python-cinderclient,0.0
977,python-cloudkittyclient,0.0
978,python-congressclient,0.0
979,python-cueclient,0.0
980,python-cyborgclient,0.0
981,python-designateclient,0.0
982,python-dracclient,0.0
983,python-freezerclient,0.0
984,python-fuelclient,0.0
985,python-glanceclient,0.0
986,python-gnocchiclient,0.0
987,python-heatclient,0.0
988,python-ironic-inspector-client,0.0
989,python-ironicclient,0.0
990,python-karborclient,0.0
991,python-keystoneclient,0.0
992,python-keystoneclient-kerberos,0.0
993,python-magnetodbclient,0.0
994,python-magnumclient,0.0
995,python-manilaclient,0.0
996,python-masakariclient,0.0
997,python-mistralclient,0.0
998,python-monascaclient,0.0
999,python-muranoclient,0.0
1000,python-neutron-pd-driver,0.0
1001,python-neutronclient,0.0
1002,python-novaclient,0.0
1003,python-octaviaclient,0.0
1004,python-openstackclient,0.0
1005,python-pankoclient,0.0
1006,python-qinlingclient,0.0
1007,python-saharaclient,0.0
1008,python-searchlightclient,0.0
1009,python-senlinclient,0.0
1010,python-solumclient,0.0
1011,python-swiftclient,0.0
1012,python-tackerclient,0.0
1013,python-tricircleclient,0.0
1014,python-tripleoclient,0.0
1015,python-troveclient,0.0
1016,python-vitrageclient,0.0
1017,python-watcherclient,0.0
1018,python-wsmanclient,0.0
1019,python-zaqarclient,0.0
1020,python-zunclient,0.0
1021,qa-specs,0.0
1022,qinling,0.0
1023,qinling-dashboard,0.0
1024,rally,0.0
1025,rally-openstack,0.0
1026,release-schedule-generator,0.0
1027,release-test,0.0
1028,releases,0.0
1029,renderspec,0.0
1030,reno,0.0
1031,requirements,0.0
1032,rpm-packaging,0.0
1033,rpm-packaging-tools,0.0
1034,rst2bash,0.0
1035,sahara,0.0
1036,sahara-dashboard,0.0
1037,sahara-extra,0.0
1038,sahara-image-elements,0.0
1039,sahara-plugin-ambari,0.0
1040,sahara-plugin-cdh,0.0
1041,sahara-plugin-mapr,0.0
1042,sahara-plugin-spark,0.0
1043,sahara-plugin-storm,0.0
1044,sahara-plugin-vanilla,0.0
1045,sahara-specs,0.0
1046,sahara-tests,0.0
1047,salt-formula-ceilometer,0.0
1048,salt-formula-cinder,0.0
1049,salt-formula-glance,0.0
1050,salt-formula-heat,0.0
1051,salt-formula-horizon,0.0
1052,salt-formula-keystone,0.0
1053,salt-formula-kubernetes,0.0
1054,salt-formula-midonet,0.0
1055,salt-formula-neutron,0.0
1056,salt-formula-nova,0.0
1057,salt-formula-opencontrail,0.0
1058,salt-formula-swift,0.0
1059,scientific-wg,0.0
1060,searchlight,0.0
1061,searchlight-specs,0.0
1062,searchlight-ui,0.0
1063,security-analysis,0.0
1064,security-doc,0.0
1065,security-specs,0.0
1066,self-healing-sig,0.0
1067,senlin,0.0
1068,senlin-dashboard,0.0
1069,senlin-tempest-plugin,0.0
1070,service-types-authority,0.0
1071,shotgun,0.0
1072,solum,0.0
1073,solum-dashboard,0.0
1074,solum-infra-guestagent,0.0
1075,solum-specs,0.0
1076,solum-tempest-plugin,0.0
1077,sphinx-feature-classification,0.0
1078,stackviz,0.0
1079,stevedore,0.0
1080,storlets,0.0
1081,sushy,0.0
1082,sushy-tools,0.0
1083,swift,0.0
1084,swift-bench,0.0
1085,swift-specs,0.0
1086,syntribos,0.0
1087,syntribos-openstack-templates,0.0
1088,syntribos-payloads,0.0
1089,tacker,0.0
1090,tacker-horizon,0.0
1091,tacker-specs,0.0
1092,tap-as-a-service,0.0
1093,taskflow,0.0
1094,telemetry-specs,0.0
1095,telemetry-tempest-plugin,0.0
1096,tempest,0.0
1097,tempest-horizon,0.0
1098,tempest-lib,0.0
1099,tempest-plugin-cookiecutter,0.0
1100,tempest-stress,0.0
1101,tempest-tripleo-ui,0.0
1102,tenks,0.0
1103,tooz,0.0
1104,tosca-parser,0.0
1105,training-guides,0.0
1106,training-labs,0.0
1107,tricircle,0.0
1108,tripleo-ansible,0.0
1109,tripleo-common,0.0
1110,tripleo-common-tempest-plugin,0.0
1111,tripleo-docs,0.0
1112,tripleo-ha-utils,0.0
1113,tripleo-heat-templates,0.0
1114,tripleo-image-elements,0.0
1115,tripleo-incubator,0.0
1116,tripleo-ipsec,0.0
1117,tripleo-puppet-elements,0.0
1118,tripleo-quickstart,0.0
1119,tripleo-quickstart-extras,0.0
1120,tripleo-repos,0.0
1121,tripleo-specs,0.0
1122,tripleo-ui,0.0
1123,tripleo-upgrade,0.0
1124,tripleo-validations,0.0
1125,trove,0.0
1126,trove-dashboard,0.0
1127,trove-integration,0.0
1128,trove-specs,0.0
1129,trove-tempest-plugin,0.0
1130,tuning-box,0.0
1131,uc-recognition,0.0
1132,ui-cookiecutter,0.0
1133,upstream-institute-virtual-environment,0.0
1134,virtualbmc,0.0
1135,vitrage,0.0
1136,vitrage-dashboard,0.0
1137,vitrage-specs,0.0
1138,vitrage-tempest-plugin,0.0
1139,watcher,0.0
1140,watcher-dashboard,0.0
1141,watcher-specs,0.0
1142,watcher-tempest-plugin,0.0
1143,whereto,0.0
1144,workload-ref-archs,0.0
1145,xstatic-angular,0.0
1146,xstatic-angular-bootstrap,0.0
1147,xstatic-angular-gettext,0.0
1148,xstatic-angular-lrdragndrop,0.0
1149,xstatic-angular-material,0.0
1150,xstatic-angular-notify,0.0
1151,xstatic-angular-smart-table,0.0
1152,xstatic-angular-ui-router,0.0
1153,xstatic-angular-uuid,0.0
1154,xstatic-angular-vis,0.0
1155,xstatic-bootstrap-datepicker,0.0
1156,xstatic-bootstrap-scss,0.0
1157,xstatic-bootswatch,0.0
1158,xstatic-d3,0.0
1159,xstatic-filesaver,0.0
1160,xstatic-font-awesome,0.0
1161,xstatic-hogan,0.0
1162,xstatic-jasmine,0.0
1163,xstatic-jquery-migrate,0.0
1164,xstatic-jquery.quicksearch,0.0
1165,xstatic-jquery.tablesorter,0.0
1166,xstatic-js-yaml,0.0
1167,xstatic-jsencrypt,0.0
1168,xstatic-json2yaml,0.0
1169,xstatic-magic-search,0.0
1170,xstatic-mdi,0.0
1171,xstatic-rickshaw,0.0
1172,xstatic-roboto-fontface,0.0
1173,xstatic-spin,0.0
1174,xstatic-vis,0.0
1175,yaql,0.0
1176,zaqar,0.0
1177,zaqar-specs,0.0
1178,zaqar-tempest-plugin,0.0
1179,zaqar-ui,0.0
1180,zun,0.0
1181,zun-tempest-plugin,0.0
1182,zun-ui,0.0
1183,auto-scaling-sig,0.0
1184,whitebox-tempest-plugin,0.0
1185,ansible-role-collect-logs,0.0
1186,charm-interface-pacemaker-remote,0.0
1187,charm-masakari,0.0
1188,charm-masakari-monitors,0.0
1189,charm-pacemaker-remote,0.0
1190,cyborg-tempest-plugin,0.0
1191,charm-interface-keystone-fid-service-provider,0.0
1192,charm-interface-websso-fid-service-provider,0.0
1193,charm-keystone-saml-mellon,0.0
1194,charm-octavia-diskimage-retrofit,0.0
1195,ironic-prometheus-exporter,0.0
1196,ansible-role-uwsgi,0.0
1197,openstack-ansible-os_murano,0.0
1198,charm-cinder-purestorage,0.0
1199,ansible-collections-openstack,0.0
1200,charm-interface-placement,0.0
1201,charm-placement,0.0
1202,charm-interface-mysql-innodb-cluster,0.0
1203,charm-interface-mysql-router,0.0
1204,charm-mysql-innodb-cluster,0.0
1205,charm-mysql-router,0.0
1206,charm-neutron-api-plugin-ovn,0.0
1207,barbican-ui,0.0
1208,charm-manila-ganesha,0.0
1209,ansible-plugin-container-connection,0.0
1210,charm-cinder-backup-swift-proxy,0.0
1211,charm-interface-cinder-backup,0.0
1212,sushy-oem-idrac,0.0
1213,ovn-octavia-provider,0.0
1214,tripleo-operator-ansible,0.0
1215,sushy-cli,0.0
1216,charm-watcher,0.0
1217,ideas,0.0
1218,multi-arch-sig,0.0
1219,charm-interface-keystone-notifications,0.0
1220,charm-watcher-dashboard,0.0
1221,validations-common,0.0
1222,validations-libs,0.0
1223,devstack-plugin-open-cas,0.0
1224,infra-manual,0.0
1225,openstack-tempest-skiplist,0.0
1226,xstatic-dagre,0.0
1227,xstatic-dagre-d3,0.0
1228,xstatic-graphlib,0.0
1229,xstatic-lodash,0.0
1230,xstatic-moment,0.0
1231,xstatic-moment-timezone,0.0
1232,charm-trilio-data-mover,0.0
1233,charm-trilio-dm-api,0.0
1234,charm-trilio-horizon-plugin,0.0
1235,charm-trilio-wlm,0.0
1236,ansible-role-lunasa-hsm,0.0
1237,oslo.metrics,0.0
1238,openstack-ansible-os_adjutant,0.0
1239,charm-neutron-api-plugin-arista,0.0
1240,charm-keystone-kerberos,0.0
1241,charm-ceph-iscsi,0.0
1242,charm-ops-interface-ceph-client,0.0
1243,charm-ops-interface-tls-certificates,0.0
1244,charm-ops-openstack,0.0
1245,etcd3gw,0.0
1246,openstack-ansible-os_senlin,0.0
1247,openstack-helm-deployments,0.0
1248,osops,0.0
1249,charm-interface-ironic-api,0.0
1250,charm-ironic-api,0.0
1251,charm-ironic-conductor,0.0
1252,charm-neutron-api-plugin-ironic,0.0
1253,venus,0.0
1254,python-venusclient,0.0
1255,venus-specs,0.0
1256,venus-tempest-plugin,0.0
1257,charm-interface-magpie,0.0
1258,charm-magpie,0.0
1259,glance-tempest-plugin,0.0
1260,rbd-iscsi-client,0.0
1261,ansible-role-pki,0.0
1262,venus-dashboard,0.0
1263,tripleo-ci-health-queries,0.0
1264,charm-magnum,0.0
1265,charm-magnum-dashboard,0.0
1266,charm-manila-netapp,0.0
1267,charm-manila-dashboard,0.0
1268,meta-config,0.0
1269,skyline-apiserver,0.0
1270,skyline-console,0.0
1271,charm-ceph-dashboard,0.0
1272,ansible-role-vault,0.0
1273,charm-cinder-lvm,0.0
1274,charm-openstack-loadbalancer,0.0
1275,charm-ops-interface-ceph-iscsi-admin-access,0.0
1276,charm-ops-interface-openstack-loadbalancer,0.0
1277,charm-cinder-netapp,0.0
1278,ci-log-processing,0.0
1279,ansible-role-proxysql,0.0
1280,ansible-collection-kolla,0.0
1281,charm-nova-compute-nvidia-vgpu,0.0
1282,charm-cinder-solidfire,0.0
1283,charm-cinder-nimblestorage,0.0
1284,charm-ceph-nfs,0.0
1285,charm-cinder-three-par,0.0
1286,large-scale,0.0
1287,charm-cinder-ibm-storwize-svc,0.0
1288,charm-cinder-dell-emc-powerstore,0.0
1289,charm-cinder-ceph-k8s,0.0
1290,charm-cinder-k8s,0.0
1291,charm-glance-k8s,0.0
1292,charm-horizon-k8s,0.0
1293,charm-keystone-k8s,0.0
1294,charm-neutron-k8s,0.0
1295,charm-nova-k8s,0.0
1296,charm-ops-sunbeam,0.0
1297,charm-placement-k8s,0.0
1298,charm-keystone-openidc,0.0
1299,charm-zuul-jobs,0.0
1300,ansible-role-zookeeper,0.0
1301,charm-cinder-infinidat,0.0
1302,charm-infinidat-tools,0.0
1303,charm-manila-infinidat,0.0
1304,openstack-ansible-os_skyline,0.0
